"",1599009449.6744957,"2020-09-02T01:17:29.000Z 2020-09-02T01:17:29.000Z","0.0","0.0","rav4_2013",0.82,"0",0,0.25,0.74,0.23,0.2,""
"",1599009536.472336,"2020-09-02T01:18:56.000Z 2020-09-02T01:18:56.000Z","24.847946167 ","121.0198495 ","rav4_2013",0.86,"0",0,0.52,0.7,0.08,0.1,""
"",1599009537.756628,"2020-09-02T01:18:57.000Z 2020-09-02T01:18:57.000Z","24.848131333 ","121.019676333 ","rav4_2013",0.8,"0",0,0.51,0.71,0.08,0.09,""
"",1599009567.3695934,"2020-09-02T01:19:27.000Z 2020-09-02T01:19:27.000Z","24.853033167 ","121.013967333 ","rav4_2013",0.81,"0",0,0.77,0.69,0.13,0.12,""
"",1599009643.289904,"2020-09-02T01:20:43.000Z 2020-09-02T01:20:43.000Z","24.869474 ","121.016681333 ","rav4_2013",0.81,"0",0,0.86,0.92,0.15,0.12,""
"",1599009643.6622603,"2020-09-02T01:20:43.000Z 2020-09-02T01:20:43.000Z","24.869474 ","121.016681333 ","rav4_2013",0.87,"0",0,0.9,0.91,0.17,0.14,""
"",1599009695.7697654,"2020-09-02T01:21:35.000Z 2020-09-02T01:21:35.000Z","24.875979 ","121.030354833 ","rav4_2013",0.81,"0",0,0.73,0.88,0.11,0.1,""
"",1599009698.170566,"2020-09-02T01:21:38.000Z 2020-09-02T01:21:38.000Z","24.876159667 ","121.031217833 ","rav4_2013",0.84,"0",0,0.77,0.89,0.15,0.14,""
"",1599009698.568623,"2020-09-02T01:21:38.000Z 2020-09-02T01:21:38.000Z","24.876159667 ","121.031217833 ","rav4_2013",0.85,"0",0,0.77,0.89,0.17,0.15,""
"",1599009699.3621027,"2020-09-02T01:21:39.000Z 2020-09-02T01:21:39.000Z","24.876214167 ","121.031502167 ","rav4_2013",0.81,"0",0,0.78,0.89,0.18,0.16,""
"",1599009733.670035,"2020-09-02T01:22:13.000Z 2020-09-02T01:22:13.000Z","24.876964833 ","121.041459833 ","rav4_2013",0.83,"0",0,0.69,0.87,0.09,0.09,""
"",1599009758.8708644,"2020-09-02T01:22:38.000Z 2020-09-02T01:22:38.000Z","24.8765005 ","121.048317833 ","rav4_2013",0.84,"0",0,0.72,0.88,0.11,0.11,""
"",1599009904.5681872,"2020-09-02T01:25:04.000Z 2020-09-02T01:25:04.000Z","24.884725667 ","121.0856455 ","rav4_2013",0.86,"0",0,0.41,0.89,0.1,0.11,""
"",1599009932.5618205,"2020-09-02T01:25:32.000Z 2020-09-02T01:25:32.000Z","24.8865555 ","121.092431167 ","rav4_2013",0.81,"0",0,0.38,0.89,0.11,0.11,""
"",1599009932.9894125,"2020-09-02T01:25:32.000Z 2020-09-02T01:25:32.000Z","24.8865555 ","121.092431167 ","rav4_2013",0.81,"0",0,0.38,0.89,0.1,0.11,""
"",1599010008.467843,"2020-09-02T01:26:48.000Z 2020-09-02T01:26:48.000Z","24.893375667 ","121.112107167 ","rav4_2013",0.8,"0",0,0.8,0.88,0.2,0.18,""
"",1599010008.8711157,"2020-09-02T01:26:48.000Z 2020-09-02T01:26:48.000Z","24.893375667 ","121.112107167 ","rav4_2013",0.83,"0",0,0.82,0.88,0.21,0.19,""
"",1599010034.4380934,"2020-09-02T01:27:14.000Z 2020-09-02T01:27:14.000Z","24.892950167 ","121.119396167 ","rav4_2013",0.82,"0",0,0.7,0.88,0.09,0.1,""
"",1599010034.8593724,"2020-09-02T01:27:14.000Z 2020-09-02T01:27:14.000Z","24.892950167 ","121.119396167 ","rav4_2013",0.87,"0",0,0.71,0.87,0.1,0.11,""
"",1599010035.3073094,"2020-09-02T01:27:15.000Z 2020-09-02T01:27:15.000Z","24.8929505 ","121.119693167 ","rav4_2013",0.87,"0",0,0.72,0.88,0.11,0.11,""
"",1599010035.7190855,"2020-09-02T01:27:15.000Z 2020-09-02T01:27:15.000Z","24.8929505 ","121.119693167 ","rav4_2013",0.9,"0",0,0.73,0.88,0.12,0.12,""
"",1599010036.136512,"2020-09-02T01:27:16.000Z 2020-09-02T01:27:16.000Z","24.892953333 ","121.119988667 ","rav4_2013",0.89,"0",0,0.75,0.88,0.13,0.13,""
"",1599010036.5541122,"2020-09-02T01:27:16.000Z 2020-09-02T01:27:16.000Z","24.892953333 ","121.119988667 ","rav4_2013",0.9,"0",0,0.76,0.88,0.14,0.14,""
"",1599010036.9647462,"2020-09-02T01:27:16.000Z 2020-09-02T01:27:16.000Z","24.892953333 ","121.119988667 ","rav4_2013",0.9,"0",0,0.78,0.88,0.15,0.15,""
"",1599010037.3830638,"2020-09-02T01:27:17.000Z 2020-09-02T01:27:17.000Z","24.892958333 ","121.120283333 ","rav4_2013",0.9,"0",0,0.79,0.88,0.17,0.17,""
"",1599010037.7989433,"2020-09-02T01:27:17.000Z 2020-09-02T01:27:17.000Z","24.892958333 ","121.120283333 ","rav4_2013",0.91,"0",0,0.82,0.88,0.19,0.19,""
"",1599010038.2099888,"2020-09-02T01:27:18.000Z 2020-09-02T01:27:18.000Z","24.892964833 ","121.1205775 ","rav4_2013",0.9,"0",0,0.84,0.89,0.22,0.19,""
"",1599010038.609983,"2020-09-02T01:27:18.000Z 2020-09-02T01:27:18.000Z","24.892964833 ","121.1205775 ","rav4_2013",0.85,"0",0,0.87,0.89,0.25,0.21,""
"",1599010118.1414843,"2020-09-02T01:28:38.000Z 2020-09-02T01:28:38.000Z","24.898282 ","121.143645167 ","rav4_2013",0.83,"0",0,0.71,0.87,0.12,0.12,""
"",1599010118.5660677,"2020-09-02T01:28:38.000Z 2020-09-02T01:28:38.000Z","24.898282 ","121.143645167 ","rav4_2013",0.85,"0",0,0.72,0.88,0.13,0.13,""
"",1599010118.9808242,"2020-09-02T01:28:38.000Z 2020-09-02T01:28:38.000Z","24.898282 ","121.143645167 ","rav4_2013",0.83,"0",0,0.73,0.88,0.14,0.14,""
"",1599010119.3951705,"2020-09-02T01:28:39.000Z 2020-09-02T01:28:39.000Z","24.898365333 ","121.143958 ","rav4_2013",0.88,"0",0,0.74,0.88,0.15,0.15,""
"",1599010119.8048108,"2020-09-02T01:28:39.000Z 2020-09-02T01:28:39.000Z","24.898365333 ","121.143958 ","rav4_2013",0.88,"0",0,0.75,0.88,0.16,0.16,""
"",1599010120.2217367,"2020-09-02T01:28:40.000Z 2020-09-02T01:28:40.000Z","24.898449667 ","121.144272667 ","rav4_2013",0.89,"0",0,0.76,0.88,0.17,0.18,""
"",1599010120.646131,"2020-09-02T01:28:40.000Z 2020-09-02T01:28:40.000Z","24.898449667 ","121.144272667 ","rav4_2013",0.91,"0",0,0.79,0.88,0.2,0.19,""
"",1599010121.0589867,"2020-09-02T01:28:41.000Z 2020-09-02T01:28:41.000Z","24.898536 ","121.144591167 ","rav4_2013",0.9,"0",0,0.81,0.88,0.23,0.21,""
"",1599010121.4652429,"2020-09-02T01:28:41.000Z 2020-09-02T01:28:41.000Z","24.898536 ","121.144591167 ","rav4_2013",0.89,"0",0,0.85,0.88,0.28,0.24,""
"",1599010182.0543356,"2020-09-02T01:29:42.000Z 2020-09-02T01:29:42.000Z","24.904420833 ","121.161445333 ","rav4_2013",0.81,"0",0,0.72,0.88,0.13,0.14,""
"",1599010182.8675077,"2020-09-02T01:29:42.000Z 2020-09-02T01:29:42.000Z","24.904420833 ","121.161445333 ","rav4_2013",0.84,"0",0,0.73,0.88,0.15,0.16,""
"",1599010184.4712842,"2020-09-02T01:29:44.000Z 2020-09-02T01:29:44.000Z","24.904796167 ","121.161882667 ","rav4_2013",0.91,"0",0,0.81,0.88,0.22,0.21,""
"",1599010314.852008,"2020-09-02T01:31:54.000Z 2020-09-02T01:31:54.000Z","24.930650167 ","121.179942667 ","rav4_2013",0.83,"0",0,0.76,0.89,0.18,0.17,""
"",1599010376.0409458,"2020-09-02T01:32:56.000Z 2020-09-02T01:32:56.000Z","24.941409167 ","121.193432333 ","rav4_2013",0.87,"0",0,0.77,0.87,0.15,0.14,""
"",1599010377.2610736,"2020-09-02T01:32:57.000Z 2020-09-02T01:32:57.000Z","24.941659833 ","121.193527833 ","rav4_2013",0.88,"0",0,0.73,0.87,0.11,0.12,""
"",1599010377.682967,"2020-09-02T01:32:57.000Z 2020-09-02T01:32:57.000Z","24.941659833 ","121.193527833 ","rav4_2013",0.82,"0",0,0.78,0.87,0.17,0.16,""
"",1599010455.7317662,"2020-09-02T01:34:15.000Z 2020-09-02T01:34:15.000Z","24.959470333 ","121.2021705 ","rav4_2013",0.84,"0",0,0.28,0.9,0.22,0.19,""
"",1599010456.1393292,"2020-09-02T01:34:16.000Z 2020-09-02T01:34:16.000Z","24.959607833 ","121.202318 ","rav4_2013",0.89,"0",0,0.33,0.89,0.17,0.16,""
"",1599010456.5566015,"2020-09-02T01:34:16.000Z 2020-09-02T01:34:16.000Z","24.959607833 ","121.202318 ","rav4_2013",0.87,"0",0,0.37,0.89,0.14,0.14,""
"",1599010457.3673084,"2020-09-02T01:34:17.000Z 2020-09-02T01:34:17.000Z","24.959742833 ","121.202468333 ","rav4_2013",0.83,"0",0,0.68,0.87,0.1,0.09,""
"",1599010458.571972,"2020-09-02T01:34:18.000Z 2020-09-02T01:34:18.000Z","24.9598755 ","121.202620333 ","rav4_2013",0.82,"0",0,0.75,0.88,0.15,0.14,""
"",1599010464.5428886,"2020-09-02T01:34:24.000Z 2020-09-02T01:34:24.000Z","24.960635 ","121.203546167 ","rav4_2013",0.8,"0",0,0.8,0.88,0.2,0.19,""
"",1599010482.4180465,"2020-09-02T01:34:42.000Z 2020-09-02T01:34:42.000Z","24.96266 ","121.206487 ","rav4_2013",0.82,"0",0,0.17,0.9,0.34,0.21,""
"",1599010482.7918615,"2020-09-02T01:34:42.000Z 2020-09-02T01:34:42.000Z","24.96266 ","121.206487 ","rav4_2013",0.82,"0",0,0.17,0.9,0.34,0.21,""
"",1599010483.141809,"2020-09-02T01:34:43.000Z 2020-09-02T01:34:43.000Z","24.962769 ","121.206648333 ","rav4_2013",0.87,"0",0,0.21,0.89,0.29,0.22,""
"",1599010483.525435,"2020-09-02T01:34:43.000Z 2020-09-02T01:34:43.000Z","24.962769 ","121.206648333 ","rav4_2013",0.85,"0",0,0.25,0.9,0.25,0.2,""
"",1599010483.9344928,"2020-09-02T01:34:43.000Z 2020-09-02T01:34:43.000Z","24.962769 ","121.206648333 ","rav4_2013",0.91,"0",0,0.27,0.9,0.23,0.19,""
"",1599010484.3305256,"2020-09-02T01:34:44.000Z 2020-09-02T01:34:44.000Z","24.962879333 ","121.206814667 ","rav4_2013",0.87,"0",0,0.28,0.9,0.19,0.18,""
"",1599010484.7530038,"2020-09-02T01:34:44.000Z 2020-09-02T01:34:44.000Z","24.962879333 ","121.206814667 ","rav4_2013",0.84,"0",0,0.3,0.9,0.19,0.18,""
"",1599010485.1569324,"2020-09-02T01:34:45.000Z 2020-09-02T01:34:45.000Z","24.962987833 ","121.2069805 ","rav4_2013",0.92,"0",0,0.31,0.9,0.18,0.17,""
"",1599010485.5750885,"2020-09-02T01:34:45.000Z 2020-09-02T01:34:45.000Z","24.962987833 ","121.2069805 ","rav4_2013",0.92,"0",0,0.32,0.9,0.16,0.16,""
"",1599010485.9922056,"2020-09-02T01:34:45.000Z 2020-09-02T01:34:45.000Z","24.962987833 ","121.2069805 ","rav4_2013",0.9,"0",0,0.35,0.89,0.14,0.14,""
"",1599010486.4112966,"2020-09-02T01:34:46.000Z 2020-09-02T01:34:46.000Z","24.963096833 ","121.207146333 ","rav4_2013",0.91,"0",0,0.36,0.89,0.13,0.13,""
"",1599010486.8239577,"2020-09-02T01:34:46.000Z 2020-09-02T01:34:46.000Z","24.963096833 ","121.207146333 ","rav4_2013",0.87,"0",0,0.37,0.89,0.12,0.12,""
"",1599010487.2682998,"2020-09-02T01:34:47.000Z 2020-09-02T01:34:47.000Z","24.963206333 ","121.2073115 ","rav4_2013",0.9,"0",0,0.38,0.89,0.11,0.12,""
"",1599010487.7083542,"2020-09-02T01:34:47.000Z 2020-09-02T01:34:47.000Z","24.963206333 ","121.2073115 ","rav4_2013",0.89,"0",0,0.39,0.88,0.1,0.11,""
"",1599010488.131438,"2020-09-02T01:34:48.000Z 2020-09-02T01:34:48.000Z","24.963316333 ","121.207478 ","rav4_2013",0.86,"0",0,0.4,0.88,0.1,0.1,""
"",1599010488.5459228,"2020-09-02T01:34:48.000Z 2020-09-02T01:34:48.000Z","24.963316333 ","121.207478 ","rav4_2013",0.83,"0",0,0.4,0.88,0.09,0.1,""
"",1599010488.9572544,"2020-09-02T01:34:48.000Z 2020-09-02T01:34:48.000Z","24.963316333 ","121.207478 ","rav4_2013",0.83,"0",0,0.41,0.88,0.09,0.1,""
"",1599010489.4076502,"2020-09-02T01:34:49.000Z 2020-09-02T01:34:49.000Z","24.963426167 ","121.2076435 ","rav4_2013",0.84,"0",0,0.41,0.88,0.08,0.09,""
"",1599010496.4321225,"2020-09-02T01:34:56.000Z 2020-09-02T01:34:56.000Z","24.964232833 ","121.208827 ","rav4_2013",0.88,"0",0,0.52,0.89,0.12,0.16,""
"",1599010539.6616898,"2020-09-02T01:35:39.000Z 2020-09-02T01:35:39.000Z","24.970957167 ","121.217674 ","rav4_2013",0.81,"0",0,0.54,0.87,0.07,0.08,""
"",1599010540.118959,"2020-09-02T01:35:40.000Z 2020-09-02T01:35:40.000Z","24.9711225 ","121.217869167 ","rav4_2013",0.83,"0",0,0.53,0.87,0.07,0.08,""
"",1599010540.5586996,"2020-09-02T01:35:40.000Z 2020-09-02T01:35:40.000Z","24.9711225 ","121.217869167 ","rav4_2013",0.81,"0",0,0.53,0.87,0.07,0.08,""
"",1599010540.9915113,"2020-09-02T01:35:40.000Z 2020-09-02T01:35:40.000Z","24.9711225 ","121.217869167 ","rav4_2013",0.84,"0",0,0.54,0.87,0.07,0.09,""
"",1599010541.459911,"2020-09-02T01:35:41.000Z 2020-09-02T01:35:41.000Z","24.971287833 ","121.218063667 ","rav4_2013",0.85,"0",0,0.54,0.87,0.07,0.09,""
"",1599010541.8992782,"2020-09-02T01:35:41.000Z 2020-09-02T01:35:41.000Z","24.971287833 ","121.218063667 ","rav4_2013",0.84,"0",0,0.54,0.87,0.08,0.09,""
"",1599010542.337484,"2020-09-02T01:35:42.000Z 2020-09-02T01:35:42.000Z","24.971453333 ","121.218256333 ","rav4_2013",0.83,"0",0,0.54,0.87,0.08,0.09,""
"",1599010542.7745438,"2020-09-02T01:35:42.000Z 2020-09-02T01:35:42.000Z","24.971453333 ","121.218256333 ","rav4_2013",0.83,"0",0,0.54,0.87,0.07,0.09,""
"",1599010543.6054287,"2020-09-02T01:35:43.000Z 2020-09-02T01:35:43.000Z","24.971620167 ","121.218450833 ","rav4_2013",0.81,"0",0,0.53,0.87,0.08,0.1,""
"",1599010544.0619988,"2020-09-02T01:35:44.000Z 2020-09-02T01:35:44.000Z","24.971786667 ","121.218645833 ","rav4_2013",0.85,"0",0,0.53,0.88,0.08,0.1,""
"",1599010544.516185,"2020-09-02T01:35:44.000Z 2020-09-02T01:35:44.000Z","24.971786667 ","121.218645833 ","rav4_2013",0.88,"0",0,0.53,0.87,0.08,0.1,""
"",1599010544.9744573,"2020-09-02T01:35:44.000Z 2020-09-02T01:35:44.000Z","24.971786667 ","121.218645833 ","rav4_2013",0.89,"0",0,0.53,0.88,0.08,0.1,""
"",1599010545.4375913,"2020-09-02T01:35:45.000Z 2020-09-02T01:35:45.000Z","24.971953 ","121.218840667 ","rav4_2013",0.87,"0",0,0.53,0.88,0.08,0.1,""
"",1599010545.8992958,"2020-09-02T01:35:45.000Z 2020-09-02T01:35:45.000Z","24.971953 ","121.218840667 ","rav4_2013",0.88,"0",0,0.52,0.88,0.08,0.1,""
"",1599010546.3568563,"2020-09-02T01:35:46.000Z 2020-09-02T01:35:46.000Z","24.972121667 ","121.2190375 ","rav4_2013",0.89,"0",0,0.53,0.88,0.08,0.11,""
"",1599010546.8111372,"2020-09-02T01:35:46.000Z 2020-09-02T01:35:46.000Z","24.972121667 ","121.2190375 ","rav4_2013",0.89,"0",0,0.53,0.88,0.09,0.11,""
"",1599010547.2632506,"2020-09-02T01:35:47.000Z 2020-09-02T01:35:47.000Z","24.972293167 ","121.219237667 ","rav4_2013",0.9,"0",0,0.54,0.88,0.09,0.11,""
"",1599010547.7185912,"2020-09-02T01:35:47.000Z 2020-09-02T01:35:47.000Z","24.972293167 ","121.219237667 ","rav4_2013",0.9,"0",0,0.54,0.88,0.1,0.12,""
"",1599010548.1669087,"2020-09-02T01:35:48.000Z 2020-09-02T01:35:48.000Z","24.972465833 ","121.219438333 ","rav4_2013",0.91,"0",0,0.54,0.88,0.1,0.12,""
"",1599010548.6257544,"2020-09-02T01:35:48.000Z 2020-09-02T01:35:48.000Z","24.972465833 ","121.219438333 ","rav4_2013",0.91,"0",0,0.54,0.88,0.1,0.12,""
"",1599010549.0726976,"2020-09-02T01:35:49.000Z 2020-09-02T01:35:49.000Z","24.9726365 ","121.219636833 ","rav4_2013",0.92,"0",0,0.55,0.87,0.1,0.13,""
"",1599010549.5271623,"2020-09-02T01:35:49.000Z 2020-09-02T01:35:49.000Z","24.9726365 ","121.219636833 ","rav4_2013",0.91,"0",0,0.55,0.88,0.1,0.14,""
"",1599010549.9853985,"2020-09-02T01:35:49.000Z 2020-09-02T01:35:49.000Z","24.9726365 ","121.219636833 ","rav4_2013",0.9,"0",0,0.55,0.88,0.11,0.14,""
"",1599010550.4381585,"2020-09-02T01:35:50.000Z 2020-09-02T01:35:50.000Z","24.972803833 ","121.219832167 ","rav4_2013",0.91,"0",0,0.55,0.88,0.12,0.15,""
"",1599010550.8890946,"2020-09-02T01:35:50.000Z 2020-09-02T01:35:50.000Z","24.972803833 ","121.219832167 ","rav4_2013",0.91,"0",0,0.55,0.88,0.12,0.15,""
"",1599010551.3531938,"2020-09-02T01:35:51.000Z 2020-09-02T01:35:51.000Z","24.9729675 ","121.220023167 ","rav4_2013",0.92,"0",0,0.55,0.88,0.12,0.15,""
"",1599010551.8093784,"2020-09-02T01:35:51.000Z 2020-09-02T01:35:51.000Z","24.9729675 ","121.220023167 ","rav4_2013",0.92,"0",0,0.54,0.88,0.12,0.16,""
"",1599010552.27788,"2020-09-02T01:35:52.000Z 2020-09-02T01:35:52.000Z","24.9731285 ","121.22021 ","rav4_2013",0.92,"0",0,0.54,0.88,0.12,0.16,""
"",1599010552.7304027,"2020-09-02T01:35:52.000Z 2020-09-02T01:35:52.000Z","24.9731285 ","121.22021 ","rav4_2013",0.92,"0",0,0.54,0.88,0.12,0.16,""
"",1599010553.1872537,"2020-09-02T01:35:53.000Z 2020-09-02T01:35:53.000Z","24.973287833 ","121.220396833 ","rav4_2013",0.92,"0",0,0.55,0.88,0.12,0.15,""
"",1599010553.6449523,"2020-09-02T01:35:53.000Z 2020-09-02T01:35:53.000Z","24.973287833 ","121.220396833 ","rav4_2013",0.91,"0",0,0.55,0.88,0.12,0.15,""
"",1599010554.096677,"2020-09-02T01:35:54.000Z 2020-09-02T01:35:54.000Z","24.973447667 ","121.220583833 ","rav4_2013",0.9,"0",0,0.55,0.88,0.12,0.15,""
"",1599010554.5549924,"2020-09-02T01:35:54.000Z 2020-09-02T01:35:54.000Z","24.973447667 ","121.220583833 ","rav4_2013",0.87,"0",0,0.54,0.88,0.11,0.14,""
"",1599010555.01821,"2020-09-02T01:35:54.000Z 2020-09-02T01:35:54.000Z","24.973447667 ","121.220583833 ","rav4_2013",0.9,"0",0,0.54,0.88,0.11,0.14,""
"",1599010555.4756372,"2020-09-02T01:35:55.000Z 2020-09-02T01:35:55.000Z","24.973610667 ","121.2207745 ","rav4_2013",0.91,"0",0,0.54,0.88,0.11,0.14,""
"",1599010555.9359868,"2020-09-02T01:35:55.000Z 2020-09-02T01:35:55.000Z","24.973610667 ","121.2207745 ","rav4_2013",0.91,"0",0,0.54,0.88,0.11,0.14,""
"",1599010556.3972094,"2020-09-02T01:35:56.000Z 2020-09-02T01:35:56.000Z","24.9737765 ","121.2209695 ","rav4_2013",0.92,"0",0,0.54,0.89,0.11,0.14,""
"",1599010556.8551333,"2020-09-02T01:35:56.000Z 2020-09-02T01:35:56.000Z","24.9737765 ","121.2209695 ","rav4_2013",0.92,"0",0,0.54,0.88,0.11,0.14,""
"",1599010557.314595,"2020-09-02T01:35:57.000Z 2020-09-02T01:35:57.000Z","24.973944333 ","121.221167667 ","rav4_2013",0.93,"0",0,0.54,0.88,0.11,0.14,""
"",1599010557.7633164,"2020-09-02T01:35:57.000Z 2020-09-02T01:35:57.000Z","24.973944333 ","121.221167667 ","rav4_2013",0.92,"0",0,0.54,0.88,0.11,0.14,""
"",1599010558.2193367,"2020-09-02T01:35:58.000Z 2020-09-02T01:35:58.000Z","24.9741135 ","121.221367167 ","rav4_2013",0.92,"0",0,0.54,0.88,0.11,0.14,""
"",1599010558.6746864,"2020-09-02T01:35:58.000Z 2020-09-02T01:35:58.000Z","24.9741135 ","121.221367167 ","rav4_2013",0.91,"0",0,0.54,0.88,0.11,0.15,""
"",1599010559.1342812,"2020-09-02T01:35:59.000Z 2020-09-02T01:35:59.000Z","24.974283333 ","121.221566333 ","rav4_2013",0.91,"0",0,0.54,0.88,0.12,0.15,""
"",1599010559.5933714,"2020-09-02T01:35:59.000Z 2020-09-02T01:35:59.000Z","24.974283333 ","121.221566333 ","rav4_2013",0.92,"0",0,0.54,0.88,0.12,0.15,""
"",1599010560.0991857,"2020-09-02T01:36:00.000Z 2020-09-02T01:36:00.000Z","24.974451833 ","121.221763333 ","rav4_2013",0.92,"0",0,0.54,0.88,0.12,0.15,""
"",1599010560.5687587,"2020-09-02T01:36:00.000Z 2020-09-02T01:36:00.000Z","24.974451833 ","121.221763333 ","rav4_2013",0.93,"0",0,0.54,0.88,0.12,0.15,""
"",1599010561.0249786,"2020-09-02T01:36:00.000Z 2020-09-02T01:36:00.000Z","24.974451833 ","121.221763333 ","rav4_2013",0.92,"0",0,0.54,0.88,0.12,0.15,""
"",1599010561.488027,"2020-09-02T01:36:01.000Z 2020-09-02T01:36:01.000Z","24.974618167 ","121.221958333 ","rav4_2013",0.92,"0",0,0.54,0.88,0.12,0.15,""
"",1599010561.9469516,"2020-09-02T01:36:01.000Z 2020-09-02T01:36:01.000Z","24.974618167 ","121.221958333 ","rav4_2013",0.92,"0",0,0.54,0.88,0.12,0.15,""
"",1599010562.4036672,"2020-09-02T01:36:02.000Z 2020-09-02T01:36:02.000Z","24.974783167 ","121.222151667 ","rav4_2013","rav4_2013",0.8,0.92,"0","0",0,0,0.83,0.54,0.89,0.88,0.24,0.12,0.19,0.15,"",""
"",1599010562.4036672,"2020-09-02T01:36:02.000Z 2020-09-02T01:36:02.000Z","24.974783167 ","121.222151667 ","rav4_2013","rav4_2013",0.8,0.92,"0","0",0,0,0.83,0.54,0.89,0.88,0.24,0.12,0.19,0.15,"",""
"",1599010563.0416274,"2020-09-02T01:36:02.000Z 2020-09-02T01:36:02.000Z","24.974783167 ","121.222151667 ","rav4_2013",0.92,"0",0,0.55,0.88,0.12,0.15,""
"",1599010563.501778,"2020-09-02T01:36:03.000Z 2020-09-02T01:36:03.000Z","24.974947 ","121.222344 ","rav4_2013",0.92,"0",0,0.55,0.88,0.12,0.15,""
"",1599010563.9620628,"2020-09-02T01:36:03.000Z 2020-09-02T01:36:03.000Z","24.974947 ","121.222344 ","rav4_2013",0.92,"0",0,0.55,0.88,0.12,0.15,""
"",1599010564.4220755,"2020-09-02T01:36:04.000Z 2020-09-02T01:36:04.000Z","24.975111 ","121.222535833 ","rav4_2013",0.91,"0",0,0.54,0.88,0.11,0.14,""
"",1599010564.9445496,"2020-09-02T01:36:04.000Z 2020-09-02T01:36:04.000Z","24.975111 ","121.222535833 ","rav4_2013",0.92,"0",0,0.54,0.88,0.11,0.15,""
"",1599010565.406332,"2020-09-02T01:36:05.000Z 2020-09-02T01:36:05.000Z","24.975276 ","121.222728667 ","rav4_2013",0.92,"0",0,0.54,0.88,0.11,0.14,""
"",1599010565.8626683,"2020-09-02T01:36:05.000Z 2020-09-02T01:36:05.000Z","24.975276 ","121.222728667 ","rav4_2013",0.92,"0",0,0.54,0.88,0.11,0.14,""
"",1599010566.3218749,"2020-09-02T01:36:06.000Z 2020-09-02T01:36:06.000Z","24.975442667 ","121.222923833 ","rav4_2013",0.91,"0",0,0.55,0.88,0.11,0.14,""
"",1599010566.7798445,"2020-09-02T01:36:06.000Z 2020-09-02T01:36:06.000Z","24.975442667 ","121.222923833 ","rav4_2013",0.9,"0",0,0.54,0.88,0.11,0.14,""
"",1599010567.2308493,"2020-09-02T01:36:07.000Z 2020-09-02T01:36:07.000Z","24.9756105 ","121.223121833 ","rav4_2013",0.91,"0",0,0.54,0.89,0.11,0.14,""
"",1599010567.6866384,"2020-09-02T01:36:07.000Z 2020-09-02T01:36:07.000Z","24.9756105 ","121.223121833 ","rav4_2013",0.91,"0",0,0.53,0.88,0.11,0.15,""
"",1599010568.143973,"2020-09-02T01:36:08.000Z 2020-09-02T01:36:08.000Z","24.975779667 ","121.223320667 ","rav4_2013",0.9,"0",0,0.53,0.88,0.11,0.14,""
"",1599010568.5990083,"2020-09-02T01:36:08.000Z 2020-09-02T01:36:08.000Z","24.975779667 ","121.223320667 ","rav4_2013",0.89,"0",0,0.53,0.88,0.11,0.14,""
"",1599010569.056295,"2020-09-02T01:36:09.000Z 2020-09-02T01:36:09.000Z","24.975950333 ","121.223520167 ","rav4_2013",0.9,"0",0,0.53,0.88,0.11,0.14,""
"",1599010569.514909,"2020-09-02T01:36:09.000Z 2020-09-02T01:36:09.000Z","24.975950333 ","121.223520167 ","rav4_2013",0.92,"0",0,0.53,0.88,0.11,0.14,""
"",1599010569.9760182,"2020-09-02T01:36:09.000Z 2020-09-02T01:36:09.000Z","24.975950333 ","121.223520167 ","rav4_2013",0.9,"0",0,0.53,0.88,0.11,0.14,""
"",1599010570.4354823,"2020-09-02T01:36:10.000Z 2020-09-02T01:36:10.000Z","24.976120667 ","121.2237195 ","rav4_2013",0.9,"0",0,0.52,0.88,0.11,0.14,""
"",1599010570.8894355,"2020-09-02T01:36:10.000Z 2020-09-02T01:36:10.000Z","24.976120667 ","121.2237195 ","rav4_2013",0.9,"0",0,0.52,0.88,0.11,0.14,""
"",1599010571.3452523,"2020-09-02T01:36:11.000Z 2020-09-02T01:36:11.000Z","24.9762905 ","121.223918167 ","rav4_2013",0.91,"0",0,0.52,0.88,0.11,0.14,""
"",1599010571.8053465,"2020-09-02T01:36:11.000Z 2020-09-02T01:36:11.000Z","24.9762905 ","121.223918167 ","rav4_2013",0.9,"0",0,0.52,0.88,0.11,0.14,""
"",1599010572.257239,"2020-09-02T01:36:12.000Z 2020-09-02T01:36:12.000Z","24.976461667 ","121.224117167 ","rav4_2013",0.9,"0",0,0.52,0.88,0.11,0.14,""
"",1599010572.719435,"2020-09-02T01:36:12.000Z 2020-09-02T01:36:12.000Z","24.976461667 ","121.224117167 ","rav4_2013",0.91,"0",0,0.53,0.88,0.1,0.13,""
"",1599010573.1701932,"2020-09-02T01:36:13.000Z 2020-09-02T01:36:13.000Z","24.976634 ","121.224317167 ","rav4_2013",0.92,"0",0,0.53,0.88,0.1,0.13,""
"",1599010573.6313283,"2020-09-02T01:36:13.000Z 2020-09-02T01:36:13.000Z","24.976634 ","121.224317167 ","rav4_2013",0.9,"0",0,0.54,0.88,0.1,0.13,""
"",1599010574.0874147,"2020-09-02T01:36:14.000Z 2020-09-02T01:36:14.000Z","24.976810333 ","121.224523 ","rav4_2013",0.88,"0",0,0.55,0.88,0.1,0.13,""
"",1599010574.5433521,"2020-09-02T01:36:14.000Z 2020-09-02T01:36:14.000Z","24.976810333 ","121.224523 ","rav4_2013",0.87,"0",0,0.55,0.88,0.1,0.13,""
"",1599010575.0076141,"2020-09-02T01:36:14.000Z 2020-09-02T01:36:14.000Z","24.976810333 ","121.224523 ","rav4_2013",0.88,"0",0,0.55,0.88,0.1,0.13,""
"",1599010575.4649289,"2020-09-02T01:36:15.000Z 2020-09-02T01:36:15.000Z","24.9769905 ","121.224734667 ","rav4_2013",0.89,"0",0,0.55,0.88,0.11,0.13,""
"",1599010575.924704,"2020-09-02T01:36:15.000Z 2020-09-02T01:36:15.000Z","24.9769905 ","121.224734667 ","rav4_2013",0.9,"0",0,0.55,0.88,0.1,0.13,""
"",1599010576.380598,"2020-09-02T01:36:16.000Z 2020-09-02T01:36:16.000Z","24.977171 ","121.224946667 ","rav4_2013",0.91,"0",0,0.55,0.87,0.1,0.13,""
"",1599010576.8336933,"2020-09-02T01:36:16.000Z 2020-09-02T01:36:16.000Z","24.977171 ","121.224946667 ","rav4_2013",0.92,"0",0,0.55,0.87,0.1,0.13,""
"",1599010577.2905443,"2020-09-02T01:36:17.000Z 2020-09-02T01:36:17.000Z","24.977349333 ","121.225156833 ","rav4_2013",0.91,"0",0,0.55,0.88,0.1,0.13,""
"",1599010577.7460446,"2020-09-02T01:36:17.000Z 2020-09-02T01:36:17.000Z","24.977349333 ","121.225156833 ","rav4_2013",0.88,"0",0,0.54,0.88,0.1,0.13,""
"",1599010578.2010071,"2020-09-02T01:36:18.000Z 2020-09-02T01:36:18.000Z","24.977525167 ","121.225365 ","rav4_2013",0.92,"0",0,0.54,0.88,0.11,0.13,""
"",1599010578.654603,"2020-09-02T01:36:18.000Z 2020-09-02T01:36:18.000Z","24.977525167 ","121.225365 ","rav4_2013",0.92,"0",0,0.54,0.88,0.11,0.13,""
"",1599010579.1134892,"2020-09-02T01:36:19.000Z 2020-09-02T01:36:19.000Z","24.9777015 ","121.225572333 ","rav4_2013",0.92,"0",0,0.54,0.88,0.11,0.14,""
"",1599010579.5672026,"2020-09-02T01:36:19.000Z 2020-09-02T01:36:19.000Z","24.9777015 ","121.225572333 ","rav4_2013",0.92,"0",0,0.54,0.88,0.11,0.14,""
"",1599010580.1075144,"2020-09-02T01:36:20.000Z 2020-09-02T01:36:20.000Z","24.977875167 ","121.225776333 ","rav4_2013",0.92,"0",0,0.53,0.88,0.11,0.14,""
"",1599010580.5595827,"2020-09-02T01:36:20.000Z 2020-09-02T01:36:20.000Z","24.977875167 ","121.225776333 ","rav4_2013",0.91,"0",0,0.53,0.88,0.11,0.14,""
"",1599010581.017536,"2020-09-02T01:36:20.000Z 2020-09-02T01:36:20.000Z","24.977875167 ","121.225776333 ","rav4_2013",0.91,"0",0,0.53,0.88,0.11,0.14,""
"",1599010581.473166,"2020-09-02T01:36:21.000Z 2020-09-02T01:36:21.000Z","24.978047667 ","121.225978833 ","rav4_2013",0.88,"0",0,0.52,0.88,0.11,0.14,""
"",1599010581.9403343,"2020-09-02T01:36:21.000Z 2020-09-02T01:36:21.000Z","24.978047667 ","121.225978833 ","rav4_2013",0.86,"0",0,0.52,0.88,0.1,0.13,""
"",1599010582.3960447,"2020-09-02T01:36:22.000Z 2020-09-02T01:36:22.000Z","24.978218667 ","121.226177667 ","rav4_2013",0.89,"0",0,0.52,0.88,0.1,0.13,""
"",1599010582.8464906,"2020-09-02T01:36:22.000Z 2020-09-02T01:36:22.000Z","24.978218667 ","121.226177667 ","rav4_2013",0.9,"0",0,0.53,0.88,0.1,0.12,""
"",1599010583.3070195,"2020-09-02T01:36:23.000Z 2020-09-02T01:36:23.000Z","24.978390333 ","121.226376667 ","rav4_2013",0.91,"0",0,0.53,0.88,0.1,0.12,""
"",1599010583.7660246,"2020-09-02T01:36:23.000Z 2020-09-02T01:36:23.000Z","24.978390333 ","121.226376667 ","rav4_2013",0.91,"0",0,0.53,0.88,0.1,0.12,""
"",1599010584.220307,"2020-09-02T01:36:24.000Z 2020-09-02T01:36:24.000Z","24.978565 ","121.226578167 ","rav4_2013",0.9,"0",0,0.53,0.88,0.1,0.12,""
"",1599010584.6778216,"2020-09-02T01:36:24.000Z 2020-09-02T01:36:24.000Z","24.978565 ","121.226578167 ","rav4_2013",0.91,"0",0,0.53,0.88,0.1,0.12,""
"",1599010585.1380038,"2020-09-02T01:36:25.000Z 2020-09-02T01:36:25.000Z","24.978740833 ","121.226783 ","rav4_2013",0.91,"0",0,0.53,0.88,0.09,0.12,""
"",1599010585.5946145,"2020-09-02T01:36:25.000Z 2020-09-02T01:36:25.000Z","24.978740833 ","121.226783 ","rav4_2013",0.9,"0",0,0.53,0.88,0.09,0.11,""
"",1599010586.0521362,"2020-09-02T01:36:25.000Z 2020-09-02T01:36:25.000Z","24.978740833 ","121.226783 ","rav4_2013",0.89,"0",0,0.53,0.88,0.09,0.11,""
"",1599010586.5074818,"2020-09-02T01:36:26.000Z 2020-09-02T01:36:26.000Z","24.978919833 ","121.226990333 ","rav4_2013",0.9,"0",0,0.53,0.88,0.09,0.12,""
"",1599010586.9610808,"2020-09-02T01:36:26.000Z 2020-09-02T01:36:26.000Z","24.978919833 ","121.226990333 ","rav4_2013",0.9,"0",0,0.53,0.88,0.09,0.11,""
"",1599010587.4183648,"2020-09-02T01:36:27.000Z 2020-09-02T01:36:27.000Z","24.9791025 ","121.227201167 ","rav4_2013",0.9,"0",0,0.53,0.88,0.09,0.12,""
"",1599010587.8650348,"2020-09-02T01:36:27.000Z 2020-09-02T01:36:27.000Z","24.9791025 ","121.227201167 ","rav4_2013",0.91,"0",0,0.53,0.88,0.09,0.12,""
"",1599010588.3310492,"2020-09-02T01:36:28.000Z 2020-09-02T01:36:28.000Z","24.979285833 ","121.227416333 ","rav4_2013",0.91,"0",0,0.53,0.88,0.1,0.12,""
"",1599010588.7838435,"2020-09-02T01:36:28.000Z 2020-09-02T01:36:28.000Z","24.979285833 ","121.227416333 ","rav4_2013",0.91,"0",0,0.53,0.88,0.1,0.12,""
"",1599010589.2421415,"2020-09-02T01:36:29.000Z 2020-09-02T01:36:29.000Z","24.979468 ","121.227630167 ","rav4_2013",0.92,"0",0,0.53,0.88,0.11,0.13,""
"",1599010589.706776,"2020-09-02T01:36:29.000Z 2020-09-02T01:36:29.000Z","24.979468 ","121.227630167 ","rav4_2013",0.91,"0",0,0.53,0.88,0.11,0.14,""
"",1599010590.1577508,"2020-09-02T01:36:30.000Z 2020-09-02T01:36:30.000Z","24.979648667 ","121.2278415 ","rav4_2013",0.92,"0",0,0.53,0.88,0.11,0.14,""
"",1599010590.6185374,"2020-09-02T01:36:30.000Z 2020-09-02T01:36:30.000Z","24.979648667 ","121.2278415 ","rav4_2013",0.92,"0",0,0.53,0.88,0.11,0.14,""
"",1599010591.0736835,"2020-09-02T01:36:31.000Z 2020-09-02T01:36:31.000Z","24.979826833 ","121.228050333 ","rav4_2013",0.93,"0",0,0.53,0.88,0.11,0.14,""
"",1599010591.53566,"2020-09-02T01:36:31.000Z 2020-09-02T01:36:31.000Z","24.979826833 ","121.228050333 ","rav4_2013",0.93,"0",0,0.54,0.88,0.11,0.14,""
"",1599010591.9956791,"2020-09-02T01:36:31.000Z 2020-09-02T01:36:31.000Z","24.979826833 ","121.228050333 ","rav4_2013",0.92,"0",0,0.54,0.88,0.11,0.14,""
"",1599010592.451179,"2020-09-02T01:36:32.000Z 2020-09-02T01:36:32.000Z","24.980003167 ","121.228257 ","rav4_2013",0.93,"0",0,0.54,0.88,0.11,0.14,""
"",1599010592.9104645,"2020-09-02T01:36:32.000Z 2020-09-02T01:36:32.000Z","24.980003167 ","121.228257 ","rav4_2013",0.92,"0",0,0.54,0.88,0.11,0.14,""
"",1599010593.362814,"2020-09-02T01:36:33.000Z 2020-09-02T01:36:33.000Z","24.980178 ","121.228461833 ","rav4_2013",0.91,"0",0,0.54,0.88,0.1,0.13,""
"",1599010593.8142154,"2020-09-02T01:36:33.000Z 2020-09-02T01:36:33.000Z","24.980178 ","121.228461833 ","rav4_2013",0.9,"0",0,0.54,0.89,0.1,0.13,""
"",1599010594.2658427,"2020-09-02T01:36:34.000Z 2020-09-02T01:36:34.000Z","24.9803545 ","121.228667833 ","rav4_2013",0.9,"0",0,0.55,0.88,0.1,0.12,""
"",1599010594.7251275,"2020-09-02T01:36:34.000Z 2020-09-02T01:36:34.000Z","24.9803545 ","121.228667833 ","rav4_2013",0.88,"0",0,0.55,0.88,0.1,0.12,""
"",1599010595.2607913,"2020-09-02T01:36:35.000Z 2020-09-02T01:36:35.000Z","24.980536167 ","121.228879833 ","rav4_2013",0.92,"0",0,0.55,0.88,0.1,0.12,""
"",1599010595.7182362,"2020-09-02T01:36:35.000Z 2020-09-02T01:36:35.000Z","24.980536167 ","121.228879833 ","rav4_2013",0.9,"0",0,0.55,0.88,0.1,0.12,""
"",1599010596.1656475,"2020-09-02T01:36:36.000Z 2020-09-02T01:36:36.000Z","24.980725167 ","121.229099167 ","rav4_2013",0.91,"0",0,0.55,0.88,0.1,0.13,""
"",1599010596.6223636,"2020-09-02T01:36:36.000Z 2020-09-02T01:36:36.000Z","24.980725167 ","121.229099167 ","rav4_2013",0.9,"0",0,0.55,0.88,0.1,0.13,""
"",1599010597.0820205,"2020-09-02T01:36:37.000Z 2020-09-02T01:36:37.000Z","24.980915167 ","121.229320333 ","rav4_2013",0.91,"0",0,0.55,0.88,0.11,0.13,""
"",1599010597.5386596,"2020-09-02T01:36:37.000Z 2020-09-02T01:36:37.000Z","24.980915167 ","121.229320333 ","rav4_2013",0.91,"0",0,0.55,0.88,0.11,0.13,""
"",1599010597.9941864,"2020-09-02T01:36:37.000Z 2020-09-02T01:36:37.000Z","24.980915167 ","121.229320333 ","rav4_2013",0.93,"0",0,0.54,0.88,0.11,0.14,""
"",1599010598.4453135,"2020-09-02T01:36:38.000Z 2020-09-02T01:36:38.000Z","24.9811035 ","121.229541 ","rav4_2013",0.93,"0",0,0.53,0.88,0.11,0.14,""
"",1599010598.9062266,"2020-09-02T01:36:38.000Z 2020-09-02T01:36:38.000Z","24.9811035 ","121.229541 ","rav4_2013",0.92,"0",0,0.52,0.88,0.11,0.14,""
"",1599010599.3587205,"2020-09-02T01:36:39.000Z 2020-09-02T01:36:39.000Z","24.981289833 ","121.229764333 ","rav4_2013",0.91,"0",0,0.5,0.88,0.11,0.14,""
"",1599010599.8112278,"2020-09-02T01:36:39.000Z 2020-09-02T01:36:39.000Z","24.981289833 ","121.229764333 ","rav4_2013",0.94,"0",0,0.48,0.89,0.11,0.14,""
"",1599010600.266203,"2020-09-02T01:36:40.000Z 2020-09-02T01:36:40.000Z","24.981474 ","121.229989167 ","rav4_2013",0.93,"0",0,0.46,0.88,0.11,0.14,""
"",1599010600.723081,"2020-09-02T01:36:40.000Z 2020-09-02T01:36:40.000Z","24.981474 ","121.229989167 ","rav4_2013",0.92,"0",0,0.45,0.89,0.11,0.14,""
"",1599010601.1759658,"2020-09-02T01:36:41.000Z 2020-09-02T01:36:41.000Z","24.981658 ","121.230214667 ","rav4_2013",0.92,"0",0,0.43,0.89,0.12,0.14,""
"",1599010601.623755,"2020-09-02T01:36:41.000Z 2020-09-02T01:36:41.000Z","24.981658 ","121.230214667 ","rav4_2013",0.92,"0",0,0.41,0.89,0.12,0.14,""
"",1599010602.0533335,"2020-09-02T01:36:41.000Z 2020-09-02T01:36:41.000Z","24.981658 ","121.230214667 ","rav4_2013",0.9,"0",0,0.4,0.89,0.12,0.14,""
"",1599010602.4928145,"2020-09-02T01:36:42.000Z 2020-09-02T01:36:42.000Z","24.9818435 ","121.230440833 ","rav4_2013",0.91,"0",0,0.38,0.89,0.13,0.14,""
"",1599010602.9362452,"2020-09-02T01:36:42.000Z 2020-09-02T01:36:42.000Z","24.9818435 ","121.230440833 ","rav4_2013",0.9,"0",0,0.38,0.89,0.13,0.15,""
"",1599010603.367771,"2020-09-02T01:36:43.000Z 2020-09-02T01:36:43.000Z","24.98203 ","121.230667167 ","rav4_2013",0.92,"0",0,0.37,0.89,0.14,0.15,""
"",1599010603.8094466,"2020-09-02T01:36:43.000Z 2020-09-02T01:36:43.000Z","24.98203 ","121.230667167 ","rav4_2013",0.92,"0",0,0.36,0.89,0.14,0.15,""
"",1599010604.2424698,"2020-09-02T01:36:44.000Z 2020-09-02T01:36:44.000Z","24.9822195 ","121.230894167 ","rav4_2013",0.9,"0",0,0.36,0.89,0.14,0.15,""
"",1599010604.6768696,"2020-09-02T01:36:44.000Z 2020-09-02T01:36:44.000Z","24.9822195 ","121.230894167 ","rav4_2013",0.91,"0",0,0.35,0.89,0.14,0.15,""
"",1599010605.0972598,"2020-09-02T01:36:45.000Z 2020-09-02T01:36:45.000Z","24.9824095 ","121.231121333 ","rav4_2013",0.91,"0",0,0.35,0.89,0.15,0.15,""
"",1599010605.5103676,"2020-09-02T01:36:45.000Z 2020-09-02T01:36:45.000Z","24.9824095 ","121.231121333 ","rav4_2013",0.93,"0",0,0.34,0.89,0.15,0.15,""
"",1599010605.9161708,"2020-09-02T01:36:45.000Z 2020-09-02T01:36:45.000Z","24.9824095 ","121.231121333 ","rav4_2013",0.92,"0",0,0.33,0.89,0.15,0.16,""
"",1599010606.3282816,"2020-09-02T01:36:46.000Z 2020-09-02T01:36:46.000Z","24.982598167 ","121.2313475 ","rav4_2013",0.92,"0",0,0.32,0.89,0.16,0.16,""
"",1599010606.7448187,"2020-09-02T01:36:46.000Z 2020-09-02T01:36:46.000Z","24.982598167 ","121.2313475 ","rav4_2013",0.92,"0",0,0.31,0.89,0.16,0.16,""
"",1599010607.1604745,"2020-09-02T01:36:47.000Z 2020-09-02T01:36:47.000Z","24.9827835 ","121.231572667 ","rav4_2013",0.9,"0",0,0.29,0.9,0.17,0.16,""
"",1599010607.5790076,"2020-09-02T01:36:47.000Z 2020-09-02T01:36:47.000Z","24.9827835 ","121.231572667 ","rav4_2013",0.89,"0",0,0.27,0.9,0.17,0.16,""
"",1599010607.9871593,"2020-09-02T01:36:47.000Z 2020-09-02T01:36:47.000Z","24.9827835 ","121.231572667 ","rav4_2013",0.86,"0",0,0.25,0.9,0.18,0.16,""
"",1599010608.393866,"2020-09-02T01:36:48.000Z 2020-09-02T01:36:48.000Z","24.982963667 ","121.231795667 ","rav4_2013",0.83,"0",0,0.18,0.9,0.19,0.16,""
"",1599010608.7894204,"2020-09-02T01:36:48.000Z 2020-09-02T01:36:48.000Z","24.982963667 ","121.231795667 ","rav4_2013",0.83,"0",0,0.18,0.9,0.19,0.16,""
"",1599010609.1837745,"2020-09-02T01:36:49.000Z 2020-09-02T01:36:49.000Z","24.9831355 ","121.232015167 ","rav4_2013",0.89,"0",0,0.14,0.9,0.2,0.16,""
"",1599010790.577795,"2020-09-02T01:39:50.000Z 2020-09-02T01:39:50.000Z","24.987606833 ","121.237667667 ","rav4_2013",0.82,"0",0,0.54,0.89,0.08,0.1,""
"",1599010791.2378747,"2020-09-02T01:39:51.000Z 2020-09-02T01:39:51.000Z","24.987683667 ","121.237564167 ","rav4_2013",0.85,"0",0,0.53,0.89,0.08,0.1,""
"",1599010792.084559,"2020-09-02T01:39:52.000Z 2020-09-02T01:39:52.000Z","24.987763 ","121.237462333 ","rav4_2013",0.85,"0",0,0.52,0.88,0.08,0.1,""
"",1599010792.94544,"2020-09-02T01:39:52.000Z 2020-09-02T01:39:52.000Z","24.987763 ","121.237462333 ","rav4_2013",0.84,"0",0,0.52,0.88,0.08,0.1,""
"",1599010793.639901,"2020-09-02T01:39:53.000Z 2020-09-02T01:39:53.000Z","24.987844833 ","121.23736 ","rav4_2013",0.84,"0",0,0.52,0.88,0.08,0.11,""
"",1599010794.0963142,"2020-09-02T01:39:54.000Z 2020-09-02T01:39:54.000Z","24.987928833 ","121.2372585 ","rav4_2013",0.81,"0",0,0.52,0.86,0.08,0.1,""
"",1599010794.9426067,"2020-09-02T01:39:54.000Z 2020-09-02T01:39:54.000Z","24.987928833 ","121.2372585 ","rav4_2013",0.83,"0",0,0.52,0.88,0.09,0.11,""
"",1599010796.9816682,"2020-09-02T01:39:56.000Z 2020-09-02T01:39:56.000Z","24.9881015 ","121.237041667 ","rav4_2013",0.84,"0",0,0.53,0.88,0.1,0.12,""
"",1599010797.4422257,"2020-09-02T01:39:57.000Z 2020-09-02T01:39:57.000Z","24.988188167 ","121.2369335 ","rav4_2013",0.85,"0",0,0.53,0.88,0.1,0.13,""
"",1599010798.4971015,"2020-09-02T01:39:58.000Z 2020-09-02T01:39:58.000Z","24.9882775 ","121.236826167 ","rav4_2013",0.88,"0",0,0.52,0.88,0.11,0.14,""
"",1599010798.9875689,"2020-09-02T01:39:58.000Z 2020-09-02T01:39:58.000Z","24.9882775 ","121.236826167 ","rav4_2013",0.9,"0",0,0.52,0.88,0.12,0.15,""
"",1599010799.4388092,"2020-09-02T01:39:59.000Z 2020-09-02T01:39:59.000Z","24.988366667 ","121.236722 ","rav4_2013",0.89,"0",0,0.52,0.89,0.12,0.16,""
"",1599010800.0988884,"2020-09-02T01:40:00.000Z 2020-09-02T01:40:00.000Z","24.988459667 ","121.2366225 ","rav4_2013",0.92,"0",0,0.51,0.89,0.13,0.17,""
"",1599010800.5580387,"2020-09-02T01:40:00.000Z 2020-09-02T01:40:00.000Z","24.988459667 ","121.2366225 ","rav4_2013",0.93,"0",0,0.52,0.89,0.14,0.17,""
"",1599010801.019153,"2020-09-02T01:40:00.000Z 2020-09-02T01:40:00.000Z","24.988459667 ","121.2366225 ","rav4_2013",0.93,"0",0,0.52,0.89,0.14,0.18,""
"",1599010801.4794059,"2020-09-02T01:40:01.000Z 2020-09-02T01:40:01.000Z","24.9885535 ","121.2365305 ","rav4_2013",0.93,"0",0,0.52,0.89,0.14,0.18,""
"",1599010802.1294432,"2020-09-02T01:40:02.000Z 2020-09-02T01:40:02.000Z","24.988646667 ","121.236442333 ","rav4_2013",0.93,"0",0,0.53,0.88,0.15,0.19,""
"",1599010802.5856361,"2020-09-02T01:40:02.000Z 2020-09-02T01:40:02.000Z","24.988646667 ","121.236442333 ","rav4_2013",0.94,"0",0,0.53,0.88,0.16,0.19,""
"",1599010803.0488324,"2020-09-02T01:40:03.000Z 2020-09-02T01:40:03.000Z","24.98874 ","121.2363585 ","rav4_2013",0.94,"0",0,0.53,0.89,0.16,0.2,""
"",1599010803.5123365,"2020-09-02T01:40:03.000Z 2020-09-02T01:40:03.000Z","24.98874 ","121.2363585 ","rav4_2013",0.94,"0",0,0.53,0.89,0.16,0.2,""
"",1599010804.1660638,"2020-09-02T01:40:04.000Z 2020-09-02T01:40:04.000Z","24.988835 ","121.236278333 ","rav4_2013",0.94,"0",0,0.52,0.88,0.17,0.21,""
"",1599010804.6223326,"2020-09-02T01:40:04.000Z 2020-09-02T01:40:04.000Z","24.988835 ","121.236278333 ","rav4_2013",0.94,"0",0,0.52,0.88,0.17,0.21,""
"",1599010805.2869246,"2020-09-02T01:40:05.000Z 2020-09-02T01:40:05.000Z","24.988929333 ","121.236202167 ","rav4_2013",0.94,"0",0,0.53,0.88,0.17,0.21,""
"",1599010805.7427058,"2020-09-02T01:40:05.000Z 2020-09-02T01:40:05.000Z","24.988929333 ","121.236202167 ","rav4_2013",0.94,"0",0,0.53,0.89,0.17,0.2,""
"",1599010806.392177,"2020-09-02T01:40:06.000Z 2020-09-02T01:40:06.000Z","24.9890225 ","121.2361285 ","rav4_2013",0.93,"0",0,0.53,0.89,0.16,0.19,""
"",1599010807.0452142,"2020-09-02T01:40:07.000Z 2020-09-02T01:40:07.000Z","24.989117261 ","121.236056668 ","rav4_2013",0.93,"0",0,0.53,0.88,0.16,0.2,""
"",1599010807.7003734,"2020-09-02T01:40:07.000Z 2020-09-02T01:40:07.000Z","24.989117167 ","121.236056667 ","rav4_2013",0.94,"0",0,0.53,0.88,0.16,0.19,""
"",1599010809.4728596,"2020-09-02T01:40:09.000Z 2020-09-02T01:40:09.000Z","24.989294167 ","121.2359255 ","rav4_2013",0.94,"0",0,0.55,0.87,0.17,0.21,""
"",1599010809.9278545,"2020-09-02T01:40:09.000Z 2020-09-02T01:40:09.000Z","24.989294167 ","121.2359255 ","rav4_2013",0.94,"0",0,0.55,0.88,0.17,0.2,""
"",1599010810.590248,"2020-09-02T01:40:10.000Z 2020-09-02T01:40:10.000Z","24.989363 ","121.2358775 ","rav4_2013",0.94,"0",0,0.55,0.87,0.16,0.2,""
"",1599010811.2469456,"2020-09-02T01:40:11.000Z 2020-09-02T01:40:11.000Z","24.989416 ","121.235837667 ","rav4_2013",0.94,"0",0,0.55,0.87,0.16,0.2,""
"",1599010811.704714,"2020-09-02T01:40:11.000Z 2020-09-02T01:40:11.000Z","24.989416 ","121.235837667 ","rav4_2013",0.93,"0",0,0.55,0.88,0.15,0.19,""
"",1599010812.3682532,"2020-09-02T01:40:12.000Z 2020-09-02T01:40:12.000Z","24.989461333 ","121.235806667 ","rav4_2013",0.93,"0",0,0.55,0.88,0.15,0.19,""
"",1599010813.0146666,"2020-09-02T01:40:12.000Z 2020-09-02T01:40:12.000Z","24.989461333 ","121.235806667 ","rav4_2013",0.94,"0",0,0.55,0.88,0.16,0.2,""
"",1599010813.4696736,"2020-09-02T01:40:13.000Z 2020-09-02T01:40:13.000Z","24.989499 ","121.2357795 ","rav4_2013",0.94,"0",0,0.55,0.88,0.16,0.2,""
"",1599010813.9244866,"2020-09-02T01:40:13.000Z 2020-09-02T01:40:13.000Z","24.989499 ","121.2357795 ","rav4_2013",0.94,"0",0,0.55,0.88,0.16,0.2,""
"",1599010814.3896596,"2020-09-02T01:40:14.000Z 2020-09-02T01:40:14.000Z","24.989529 ","121.235755167 ","rav4_2013",0.94,"0",0,0.55,0.88,0.16,0.21,""
"",1599010814.8536701,"2020-09-02T01:40:14.000Z 2020-09-02T01:40:14.000Z","24.989529 ","121.235755167 ","rav4_2013",0.94,"0",0,0.55,0.88,0.17,0.21,""
"",1599010815.315515,"2020-09-02T01:40:15.000Z 2020-09-02T01:40:15.000Z","24.989554 ","121.235735167 ","rav4_2013",0.94,"0",0,0.55,0.88,0.18,0.22,""
"",1599010815.772238,"2020-09-02T01:40:15.000Z 2020-09-02T01:40:15.000Z","24.989554 ","121.235735167 ","rav4_2013",0.93,"0",0,0.55,0.88,0.19,0.22,""
"",1599010816.4171634,"2020-09-02T01:40:16.000Z 2020-09-02T01:40:16.000Z","24.989574 ","121.235720333 ","rav4_2013",0.94,"0",0,0.56,0.87,0.21,0.25,""
"",1599010816.8510492,"2020-09-02T01:40:16.000Z 2020-09-02T01:40:16.000Z","24.989574 ","121.235720333 ","rav4_2013",0.94,"0",0,0.56,0.87,0.23,0.25,""
"",1599010817.288987,"2020-09-02T01:40:17.000Z 2020-09-02T01:40:17.000Z","24.989586333 ","121.23571 ","rav4_2013",0.94,"0",0,0.57,0.87,0.24,0.25,""
"",1599010817.7076766,"2020-09-02T01:40:17.000Z 2020-09-02T01:40:17.000Z","24.989586333 ","121.23571 ","rav4_2013",0.93,"0",0,0.57,0.87,0.26,0.26,""
"",1599010818.3119512,"2020-09-02T01:40:18.000Z 2020-09-02T01:40:18.000Z","24.989592833 ","121.235706167 ","rav4_2013",0.94,"0",0,0.57,0.87,0.27,0.26,""
"",1599010818.7183924,"2020-09-02T01:40:18.000Z 2020-09-02T01:40:18.000Z","24.989592833 ","121.235706167 ","rav4_2013",0.94,"0",0,0.57,0.87,0.28,0.27,""
"",1599010819.1359773,"2020-09-02T01:40:19.000Z 2020-09-02T01:40:19.000Z","24.9895945 ","121.235706 ","rav4_2013",0.94,"0",0,0.57,0.87,0.29,0.27,""
"",1599010819.5540442,"2020-09-02T01:40:19.000Z 2020-09-02T01:40:19.000Z","24.9895945 ","121.235706 ","rav4_2013",0.94,"0",0,0.57,0.87,0.29,0.27,""
"",1599010819.9628232,"2020-09-02T01:40:19.000Z 2020-09-02T01:40:19.000Z","24.9895945 ","121.235706 ","rav4_2013",0.94,"0",0,0.57,0.87,0.28,0.27,""
"",1599010820.3943222,"2020-09-02T01:40:20.000Z 2020-09-02T01:40:20.000Z","24.9895945 ","121.235705667 ","rav4_2013",0.94,"0",0,0.57,0.87,0.28,0.27,""
"",1599010820.8055112,"2020-09-02T01:40:20.000Z 2020-09-02T01:40:20.000Z","24.9895945 ","121.235705667 ","rav4_2013",0.94,"0",0,0.57,0.87,0.29,0.27,""
"",1599010821.2138116,"2020-09-02T01:40:21.000Z 2020-09-02T01:40:21.000Z","24.989594667 ","121.235705 ","rav4_2013",0.94,"0",0,0.57,0.87,0.28,0.27,""
"",1599010821.627758,"2020-09-02T01:40:21.000Z 2020-09-02T01:40:21.000Z","24.989594667 ","121.235705 ","rav4_2013",0.94,"0",0,0.57,0.87,0.29,0.27,""
"",1599010822.0405352,"2020-09-02T01:40:21.000Z 2020-09-02T01:40:21.000Z","24.989594667 ","121.235705 ","rav4_2013",0.94,"0",0,0.57,0.87,0.29,0.27,""
"",1599010822.4577708,"2020-09-02T01:40:22.000Z 2020-09-02T01:40:22.000Z","24.989595333 ","121.235705667 ","rav4_2013",0.94,"0",0,0.57,0.87,0.29,0.27,""
"",1599010822.8621836,"2020-09-02T01:40:22.000Z 2020-09-02T01:40:22.000Z","24.989595333 ","121.235705667 ","rav4_2013",0.94,"0",0,0.57,0.87,0.28,0.27,""
"",1599010823.2815545,"2020-09-02T01:40:23.000Z 2020-09-02T01:40:23.000Z","24.989595333 ","121.2357055 ","rav4_2013",0.94,"0",0,0.57,0.87,0.29,0.27,""
"",1599010823.7021403,"2020-09-02T01:40:23.000Z 2020-09-02T01:40:23.000Z","24.989595333 ","121.2357055 ","rav4_2013",0.94,"0",0,0.57,0.87,0.29,0.27,""
"",1599010824.106021,"2020-09-02T01:40:24.000Z 2020-09-02T01:40:24.000Z","24.989595333 ","121.235704667 ","rav4_2013",0.94,"0",0,0.57,0.87,0.29,0.27,""
"",1599010824.4971914,"2020-09-02T01:40:24.000Z 2020-09-02T01:40:24.000Z","24.989595333 ","121.235704667 ","rav4_2013",0.94,"0",0,0.57,0.87,0.29,0.27,""
"",1599010824.8991055,"2020-09-02T01:40:24.000Z 2020-09-02T01:40:24.000Z","24.989595333 ","121.235704667 ","rav4_2013",0.94,"0",0,0.57,0.87,0.28,0.27,""
"",1599010825.3157938,"2020-09-02T01:40:25.000Z 2020-09-02T01:40:25.000Z","24.9895955 ","121.235704333 ","rav4_2013",0.94,"0",0,0.57,0.87,0.29,0.27,""
"",1599010825.7149155,"2020-09-02T01:40:25.000Z 2020-09-02T01:40:25.000Z","24.9895955 ","121.235704333 ","rav4_2013",0.94,"0",0,0.57,0.87,0.28,0.27,""
"",1599010826.1346028,"2020-09-02T01:40:26.000Z 2020-09-02T01:40:26.000Z","24.989595167 ","121.235704667 ","rav4_2013",0.94,"0",0,0.57,0.87,0.28,0.27,""
"",1599010826.552306,"2020-09-02T01:40:26.000Z 2020-09-02T01:40:26.000Z","24.989595167 ","121.235704667 ","rav4_2013",0.94,"0",0,0.57,0.87,0.29,0.27,""
"",1599010826.9518952,"2020-09-02T01:40:26.000Z 2020-09-02T01:40:26.000Z","24.989595167 ","121.235704667 ","rav4_2013",0.94,"0",0,0.57,0.87,0.28,0.27,""
"",1599010827.376963,"2020-09-02T01:40:27.000Z 2020-09-02T01:40:27.000Z","24.989594667 ","121.235703333 ","rav4_2013",0.94,"0",0,0.57,0.87,0.28,0.27,""
"",1599010827.7899342,"2020-09-02T01:40:27.000Z 2020-09-02T01:40:27.000Z","24.989594667 ","121.235703333 ","rav4_2013",0.94,"0",0,0.57,0.87,0.28,0.27,""
"",1599010828.2017484,"2020-09-02T01:40:28.000Z 2020-09-02T01:40:28.000Z","24.989594833 ","121.235703167 ","rav4_2013",0.94,"0",0,0.57,0.87,0.28,0.27,""
"",1599010828.6183589,"2020-09-02T01:40:28.000Z 2020-09-02T01:40:28.000Z","24.989594833 ","121.235703167 ","rav4_2013",0.93,"0",0,0.57,0.87,0.28,0.26,""
"",1599010829.034123,"2020-09-02T01:40:28.000Z 2020-09-02T01:40:28.000Z","24.989594833 ","121.235703167 ","rav4_2013",0.92,"0",0,0.57,0.87,0.29,0.27,""
"",1599010829.4339101,"2020-09-02T01:40:29.000Z 2020-09-02T01:40:29.000Z","24.989594833 ","121.235702667 ","rav4_2013",0.94,"0",0,0.57,0.87,0.28,0.27,""
"",1599010829.853681,"2020-09-02T01:40:29.000Z 2020-09-02T01:40:29.000Z","24.989594833 ","121.235702667 ","rav4_2013",0.94,"0",0,0.57,0.87,0.29,0.27,""
"",1599010830.2645113,"2020-09-02T01:40:30.000Z 2020-09-02T01:40:30.000Z","24.989595 ","121.235701667 ","rav4_2013",0.94,"0",0,0.57,0.87,0.28,0.27,""
"",1599010830.6846752,"2020-09-02T01:40:30.000Z 2020-09-02T01:40:30.000Z","24.989595 ","121.235701667 ","rav4_2013",0.94,"0",0,0.57,0.87,0.28,0.27,""
"",1599010831.0985305,"2020-09-02T01:40:31.000Z 2020-09-02T01:40:31.000Z","24.989595167 ","121.235702 ","rav4_2013",0.94,"0",0,0.57,0.87,0.28,0.27,""
"",1599010831.5114613,"2020-09-02T01:40:31.000Z 2020-09-02T01:40:31.000Z","24.989595167 ","121.235702 ","rav4_2013",0.94,"0",0,0.57,0.87,0.29,0.27,""
"",1599010831.9088635,"2020-09-02T01:40:31.000Z 2020-09-02T01:40:31.000Z","24.989595167 ","121.235702 ","rav4_2013",0.94,"0",0,0.57,0.87,0.29,0.27,""
"",1599010832.3039167,"2020-09-02T01:40:32.000Z 2020-09-02T01:40:32.000Z","24.989595167 ","121.235702 ","rav4_2013",0.94,"0",0,0.57,0.87,0.28,0.27,""
"",1599010832.7213795,"2020-09-02T01:40:32.000Z 2020-09-02T01:40:32.000Z","24.989595167 ","121.235702 ","rav4_2013",0.94,"0",0,0.57,0.87,0.28,0.27,""
"",1599010833.1325002,"2020-09-02T01:40:33.000Z 2020-09-02T01:40:33.000Z","24.989595333 ","121.235701 ","rav4_2013",0.94,"0",0,0.57,0.87,0.29,0.27,""
"",1599010833.538768,"2020-09-02T01:40:33.000Z 2020-09-02T01:40:33.000Z","24.989595333 ","121.235701 ","rav4_2013",0.94,"0",0,0.57,0.87,0.28,0.27,""
"",1599010833.9608262,"2020-09-02T01:40:33.000Z 2020-09-02T01:40:33.000Z","24.989595333 ","121.235701 ","rav4_2013",0.94,"0",0,0.57,0.87,0.29,0.27,""
"",1599010834.3596344,"2020-09-02T01:40:34.000Z 2020-09-02T01:40:34.000Z","24.989595 ","121.235700333 ","rav4_2013",0.94,"0",0,0.57,0.87,0.28,0.27,""
"",1599010834.7828147,"2020-09-02T01:40:34.000Z 2020-09-02T01:40:34.000Z","24.989595 ","121.235700333 ","rav4_2013",0.94,"0",0,0.57,0.87,0.29,0.27,""
"",1599010835.1948898,"2020-09-02T01:40:35.000Z 2020-09-02T01:40:35.000Z","24.989595167 ","121.2356995 ","rav4_2013",0.94,"0",0,0.57,0.87,0.28,0.27,""
"",1599010835.6156068,"2020-09-02T01:40:35.000Z 2020-09-02T01:40:35.000Z","24.989595167 ","121.2356995 ","rav4_2013",0.94,"0",0,0.57,0.87,0.29,0.27,""
"",1599010836.0332677,"2020-09-02T01:40:35.000Z 2020-09-02T01:40:35.000Z","24.989595167 ","121.2356995 ","rav4_2013",0.94,"0",0,0.57,0.87,0.28,0.27,""
"",1599010836.4431553,"2020-09-02T01:40:36.000Z 2020-09-02T01:40:36.000Z","24.9895955 ","121.235698333 ","rav4_2013",0.94,"0",0,0.57,0.87,0.29,0.27,""
"",1599010836.860596,"2020-09-02T01:40:36.000Z 2020-09-02T01:40:36.000Z","24.9895955 ","121.235698333 ","rav4_2013",0.94,"0",0,0.57,0.87,0.29,0.27,""
"",1599010837.2655442,"2020-09-02T01:40:37.000Z 2020-09-02T01:40:37.000Z","24.989595167 ","121.235697833 ","rav4_2013",0.94,"0",0,0.57,0.87,0.29,0.27,""
"",1599010837.6857612,"2020-09-02T01:40:37.000Z 2020-09-02T01:40:37.000Z","24.989595167 ","121.235697833 ","rav4_2013",0.94,"0",0,0.57,0.87,0.28,0.27,""
"",1599010838.0999813,"2020-09-02T01:40:38.000Z 2020-09-02T01:40:38.000Z","24.989594833 ","121.235697833 ","rav4_2013",0.93,"0",0,0.57,0.87,0.28,0.27,""
"",1599010838.5111756,"2020-09-02T01:40:38.000Z 2020-09-02T01:40:38.000Z","24.989594833 ","121.235697833 ","rav4_2013",0.94,"0",0,0.57,0.87,0.28,0.27,""
"",1599010838.9188116,"2020-09-02T01:40:38.000Z 2020-09-02T01:40:38.000Z","24.989594833 ","121.235697833 ","rav4_2013",0.94,"0",0,0.57,0.87,0.28,0.27,""
"",1599010839.33544,"2020-09-02T01:40:39.000Z 2020-09-02T01:40:39.000Z","24.989595 ","121.235697 ","rav4_2013",0.94,"0",0,0.57,0.87,0.28,0.27,""
"",1599010839.7529497,"2020-09-02T01:40:39.000Z 2020-09-02T01:40:39.000Z","24.989595 ","121.235697 ","rav4_2013",0.94,"0",0,0.57,0.87,0.28,0.27,""
"",1599010840.1662197,"2020-09-02T01:40:40.000Z 2020-09-02T01:40:40.000Z","24.989594667 ","121.235696667 ","rav4_2013",0.94,"0",0,0.57,0.87,0.28,0.27,""
"",1599010840.5887442,"2020-09-02T01:40:40.000Z 2020-09-02T01:40:40.000Z","24.989594667 ","121.235696667 ","rav4_2013",0.94,"0",0,0.57,0.87,0.28,0.27,""
"",1599010841.0050027,"2020-09-02T01:40:40.000Z 2020-09-02T01:40:40.000Z","24.989594667 ","121.235696667 ","rav4_2013",0.94,"0",0,0.57,0.87,0.29,0.27,""
"",1599010841.403376,"2020-09-02T01:40:41.000Z 2020-09-02T01:40:41.000Z","24.989593833 ","121.235696167 ","rav4_2013",0.94,"0",0,0.57,0.87,0.29,0.27,""
"",1599010841.802215,"2020-09-02T01:40:41.000Z 2020-09-02T01:40:41.000Z","24.989593833 ","121.235696167 ","rav4_2013",0.93,"0",0,0.58,0.87,0.29,0.26,""
"",1599010842.1987524,"2020-09-02T01:40:42.000Z 2020-09-02T01:40:42.000Z","24.9895935 ","121.235695833 ","rav4_2013",0.93,"0",0,0.57,0.87,0.27,0.26,""
"",1599010842.8273516,"2020-09-02T01:40:42.000Z 2020-09-02T01:40:42.000Z","24.9895935 ","121.235695833 ","rav4_2013",0.94,"0",0,0.57,0.88,0.25,0.24,""
"",1599010843.43514,"2020-09-02T01:40:43.000Z 2020-09-02T01:40:43.000Z","24.9895975 ","121.235692833 ","rav4_2013",0.94,"0",0,0.56,0.88,0.24,0.23,""
"",1599010843.8476937,"2020-09-02T01:40:43.000Z 2020-09-02T01:40:43.000Z","24.9895975 ","121.235692833 ","rav4_2013",0.94,"0",0,0.56,0.88,0.22,0.23,""
"",1599010844.2662055,"2020-09-02T01:40:44.000Z 2020-09-02T01:40:44.000Z","24.989611 ","121.235682833 ","rav4_2013",0.94,"0",0,0.56,0.89,0.21,0.22,""
"",1599010844.6835852,"2020-09-02T01:40:44.000Z 2020-09-02T01:40:44.000Z","24.989611 ","121.235682833 ","rav4_2013",0.94,"0",0,0.56,0.89,0.2,0.22,""
"",1599010845.3025765,"2020-09-02T01:40:45.000Z 2020-09-02T01:40:45.000Z","24.9896365 ","121.2356645 ","rav4_2013",0.93,"0",0,0.55,0.89,0.2,0.22,""
"",1599010845.9375632,"2020-09-02T01:40:45.000Z 2020-09-02T01:40:45.000Z","24.9896365 ","121.2356645 ","rav4_2013",0.94,"0",0,0.55,0.89,0.19,0.21,""
"",1599010846.3706503,"2020-09-02T01:40:46.000Z 2020-09-02T01:40:46.000Z","24.9896725 ","121.235638667 ","rav4_2013",0.94,"0",0,0.54,0.89,0.19,0.22,""
"",1599010847.024176,"2020-09-02T01:40:46.000Z 2020-09-02T01:40:46.000Z","24.9896725 ","121.235638667 ","rav4_2013",0.94,"0",0,0.54,0.88,0.18,0.21,""
"",1599010847.6662354,"2020-09-02T01:40:47.000Z 2020-09-02T01:40:47.000Z","24.989715833 ","121.2356065 ","rav4_2013",0.94,"0",0,0.53,0.88,0.18,0.22,""
"",1599010848.3021512,"2020-09-02T01:40:48.000Z 2020-09-02T01:40:48.000Z","24.989766333 ","121.235570667 ","rav4_2013",0.94,"0",0,0.53,0.89,0.18,0.22,""
"",1599010848.961521,"2020-09-02T01:40:48.000Z 2020-09-02T01:40:48.000Z","24.989766333 ","121.235570667 ","rav4_2013",0.94,"0",0,0.53,0.89,0.17,0.21,""
"",1599010849.6214874,"2020-09-02T01:40:49.000Z 2020-09-02T01:40:49.000Z","24.989822833 ","121.235528333 ","rav4_2013",0.94,"0",0,0.54,0.89,0.16,0.2,""
"",1599010850.285717,"2020-09-02T01:40:50.000Z 2020-09-02T01:40:50.000Z","24.989888 ","121.2354825 ","rav4_2013",0.94,"0",0,0.54,0.9,0.16,0.19,""
"",1599010850.727131,"2020-09-02T01:40:50.000Z 2020-09-02T01:40:50.000Z","24.989888 ","121.2354825 ","rav4_2013",0.94,"0",0,0.54,0.9,0.16,0.18,""
"",1599010851.1556928,"2020-09-02T01:40:51.000Z 2020-09-02T01:40:51.000Z","24.9899575 ","121.235431833 ","rav4_2013",0.94,"0",0,0.53,0.9,0.16,0.19,""
"",1599010851.5945127,"2020-09-02T01:40:51.000Z 2020-09-02T01:40:51.000Z","24.9899575 ","121.235431833 ","rav4_2013",0.94,"0",0,0.54,0.88,0.15,0.19,""
"",1599010852.064751,"2020-09-02T01:40:52.000Z 2020-09-02T01:40:52.000Z","24.990033667 ","121.235375167 ","rav4_2013",0.93,"0",0,0.54,0.89,0.15,0.19,""
"",1599010852.5235107,"2020-09-02T01:40:52.000Z 2020-09-02T01:40:52.000Z","24.990033667 ","121.235375167 ","rav4_2013",0.93,"0",0,0.55,0.89,0.15,0.19,""
"",1599010852.9782543,"2020-09-02T01:40:52.000Z 2020-09-02T01:40:52.000Z","24.990033667 ","121.235375167 ","rav4_2013",0.92,"0",0,0.55,0.88,0.15,0.19,""
"",1599010853.6104333,"2020-09-02T01:40:53.000Z 2020-09-02T01:40:53.000Z","24.990115 ","121.235317833 ","rav4_2013",0.93,"0",0,0.55,0.88,0.16,0.2,""
"",1599010854.0687034,"2020-09-02T01:40:54.000Z 2020-09-02T01:40:54.000Z","24.990198667 ","121.2352575 ","rav4_2013",0.94,"0",0,0.56,0.88,0.17,0.21,""
"",1599010854.522034,"2020-09-02T01:40:54.000Z 2020-09-02T01:40:54.000Z","24.990198667 ","121.2352575 ","rav4_2013",0.93,"0",0,0.56,0.88,0.17,0.21,""
"",1599010854.9740288,"2020-09-02T01:40:54.000Z 2020-09-02T01:40:54.000Z","24.990198667 ","121.2352575 ","rav4_2013",0.94,"0",0,0.57,0.88,0.17,0.21,""
"",1599010855.6062381,"2020-09-02T01:40:55.000Z 2020-09-02T01:40:55.000Z","24.990278833 ","121.235198333 ","rav4_2013",0.94,"0",0,0.57,0.88,0.17,0.21,""
"",1599010856.2371843,"2020-09-02T01:40:56.000Z 2020-09-02T01:40:56.000Z","24.990356 ","121.235143 ","rav4_2013",0.94,"0",0,0.57,0.88,0.17,0.21,""
"",1599010856.6886594,"2020-09-02T01:40:56.000Z 2020-09-02T01:40:56.000Z","24.990356 ","121.235143 ","rav4_2013",0.93,"0",0,0.57,0.88,0.17,0.22,""
"",1599010857.141711,"2020-09-02T01:40:57.000Z 2020-09-02T01:40:57.000Z","24.9904325 ","121.2350885 ","rav4_2013",0.92,"0",0,0.57,0.87,0.17,0.22,""
"",1599010857.602391,"2020-09-02T01:40:57.000Z 2020-09-02T01:40:57.000Z","24.9904325 ","121.2350885 ","rav4_2013",0.93,"0",0,0.58,0.88,0.17,0.2,""
"",1599010858.0543845,"2020-09-02T01:40:58.000Z 2020-09-02T01:40:58.000Z","24.990508333 ","121.235034667 ","rav4_2013",0.94,"0",0,0.58,0.89,0.16,0.2,""
"",1599010858.7179768,"2020-09-02T01:40:58.000Z 2020-09-02T01:40:58.000Z","24.990508333 ","121.235034667 ","rav4_2013",0.94,"0",0,0.58,0.88,0.16,0.2,""
"",1599010859.1745694,"2020-09-02T01:40:59.000Z 2020-09-02T01:40:59.000Z","24.990585333 ","121.234981 ","rav4_2013",0.94,"0",0,0.59,0.88,0.16,0.19,""
"",1599010859.6296737,"2020-09-02T01:40:59.000Z 2020-09-02T01:40:59.000Z","24.990585333 ","121.234981 ","rav4_2013",0.93,"0",0,0.59,0.88,0.15,0.19,""
"",1599010860.2893684,"2020-09-02T01:41:00.000Z 2020-09-02T01:41:00.000Z","24.990663 ","121.234927833 ","rav4_2013",0.93,"0",0,0.6,0.88,0.15,0.18,""
"",1599010860.7260811,"2020-09-02T01:41:00.000Z 2020-09-02T01:41:00.000Z","24.990663 ","121.234927833 ","rav4_2013",0.93,"0",0,0.61,0.88,0.14,0.18,""
"",1599010861.1874905,"2020-09-02T01:41:01.000Z 2020-09-02T01:41:01.000Z","24.990742333 ","121.234877833 ","rav4_2013",0.92,"0",0,0.61,0.88,0.14,0.18,""
"",1599010861.642462,"2020-09-02T01:41:01.000Z 2020-09-02T01:41:01.000Z","24.990742333 ","121.234877833 ","rav4_2013",0.92,"0",0,0.61,0.88,0.14,0.17,""
"",1599010862.0822628,"2020-09-02T01:41:02.000Z 2020-09-02T01:41:02.000Z","24.990827 ","121.234830333 ","rav4_2013",0.92,"0",0,0.6,0.88,0.14,0.17,""
"",1599010862.523791,"2020-09-02T01:41:02.000Z 2020-09-02T01:41:02.000Z","24.990827 ","121.234830333 ","rav4_2013",0.92,"0",0,0.6,0.88,0.14,0.17,""
"",1599010862.9846172,"2020-09-02T01:41:02.000Z 2020-09-02T01:41:02.000Z","24.990827 ","121.234830333 ","rav4_2013",0.91,"0",0,0.6,0.88,0.14,0.17,""
"",1599010863.4433336,"2020-09-02T01:41:03.000Z 2020-09-02T01:41:03.000Z","24.990916 ","121.234784833 ","rav4_2013",0.87,"0",0,0.6,0.88,0.14,0.16,""
"",1599010863.8854392,"2020-09-02T01:41:03.000Z 2020-09-02T01:41:03.000Z","24.990916 ","121.234784833 ","rav4_2013",0.92,"0",0,0.6,0.88,0.14,0.16,""
"",1599010864.3171725,"2020-09-02T01:41:04.000Z 2020-09-02T01:41:04.000Z","24.9910065 ","121.234742 ","rav4_2013",0.89,"0",0,0.6,0.88,0.14,0.16,""
"",1599010864.755089,"2020-09-02T01:41:04.000Z 2020-09-02T01:41:04.000Z","24.9910065 ","121.234742 ","rav4_2013",0.92,"0",0,0.6,0.88,0.13,0.16,""
"",1599010865.2189229,"2020-09-02T01:41:05.000Z 2020-09-02T01:41:05.000Z","24.991097667 ","121.234701333 ","rav4_2013",0.93,"0",0,0.58,0.87,0.13,0.15,""
"",1599010865.6614876,"2020-09-02T01:41:05.000Z 2020-09-02T01:41:05.000Z","24.991097667 ","121.234701333 ","rav4_2013",0.88,"0",0,0.57,0.88,0.12,0.15,""
"",1599010866.160241,"2020-09-02T01:41:06.000Z 2020-09-02T01:41:06.000Z","24.9911915 ","121.234659333 ","rav4_2013",0.86,"0",0,0.56,0.88,0.12,0.15,""
"",1599010866.6144674,"2020-09-02T01:41:06.000Z 2020-09-02T01:41:06.000Z","24.9911915 ","121.234659333 ","rav4_2013",0.91,"0",0,0.55,0.88,0.12,0.15,""
"",1599010867.0744355,"2020-09-02T01:41:07.000Z 2020-09-02T01:41:07.000Z","24.9912895 ","121.234622 ","rav4_2013",0.9,"0",0,0.56,0.88,0.12,0.15,""
"",1599010867.530352,"2020-09-02T01:41:07.000Z 2020-09-02T01:41:07.000Z","24.9912895 ","121.234622 ","rav4_2013",0.9,"0",0,0.55,0.88,0.12,0.14,""
"",1599010867.9842427,"2020-09-02T01:41:07.000Z 2020-09-02T01:41:07.000Z","24.9912895 ","121.234622 ","rav4_2013",0.92,"0",0,0.55,0.87,0.12,0.14,""
"",1599010868.4416144,"2020-09-02T01:41:08.000Z 2020-09-02T01:41:08.000Z","24.991390333 ","121.234583167 ","rav4_2013",0.87,"0",0,0.55,0.87,0.12,0.14,""
"",1599010869.2886539,"2020-09-02T01:41:09.000Z 2020-09-02T01:41:09.000Z","24.991495833 ","121.2345465 ","rav4_2013",0.89,"0",0,0.55,0.88,0.12,0.14,""
"",1599010869.7309027,"2020-09-02T01:41:09.000Z 2020-09-02T01:41:09.000Z","24.991495833 ","121.2345465 ","rav4_2013",0.9,"0",0,0.55,0.87,0.12,0.14,""
"",1599010870.1625974,"2020-09-02T01:41:10.000Z 2020-09-02T01:41:10.000Z","24.9916035 ","121.234508333 ","rav4_2013",0.9,"0",0,0.54,0.88,0.12,0.15,""
"",1599010870.627769,"2020-09-02T01:41:10.000Z 2020-09-02T01:41:10.000Z","24.9916035 ","121.234508333 ","rav4_2013",0.89,"0",0,0.55,0.87,0.12,0.14,""
"",1599010871.0750437,"2020-09-02T01:41:11.000Z 2020-09-02T01:41:11.000Z","24.991711333 ","121.234474333 ","rav4_2013",0.89,"0",0,0.55,0.87,0.12,0.15,""
"",1599010871.5781817,"2020-09-02T01:41:11.000Z 2020-09-02T01:41:11.000Z","24.991711333 ","121.234474333 ","rav4_2013",0.92,"0",0,0.56,0.88,0.12,0.15,""
"",1599010872.0453827,"2020-09-02T01:41:12.000Z 2020-09-02T01:41:12.000Z","24.99181 ","121.234433167 ","rav4_2013",0.83,"0",0,0.58,0.87,0.13,0.16,""
"",1599010872.5073624,"2020-09-02T01:41:12.000Z 2020-09-02T01:41:12.000Z","24.99181 ","121.234433167 ","rav4_2013",0.9,"0",0,0.58,0.88,0.13,0.16,""
"",1599010872.965993,"2020-09-02T01:41:12.000Z 2020-09-02T01:41:12.000Z","24.99181 ","121.234433167 ","rav4_2013",0.93,"0",0,0.58,0.88,0.14,0.17,""
"",1599010873.4282591,"2020-09-02T01:41:13.000Z 2020-09-02T01:41:13.000Z","24.991901167 ","121.234391 ","rav4_2013",0.94,"0",0,0.58,0.88,0.14,0.17,""
"",1599010873.88526,"2020-09-02T01:41:13.000Z 2020-09-02T01:41:13.000Z","24.991901167 ","121.234391 ","rav4_2013",0.93,"0",0,0.58,0.87,0.14,0.17,""
"",1599010874.345708,"2020-09-02T01:41:14.000Z 2020-09-02T01:41:14.000Z","24.9919865 ","121.234352 ","rav4_2013",0.91,"0",0,0.57,0.87,0.13,0.17,""
"",1599010874.8031316,"2020-09-02T01:41:14.000Z 2020-09-02T01:41:14.000Z","24.9919865 ","121.234352 ","rav4_2013",0.89,"0",0,0.58,0.88,0.14,0.17,""
"",1599010875.2566383,"2020-09-02T01:41:15.000Z 2020-09-02T01:41:15.000Z","24.992066167 ","121.234315667 ","rav4_2013",0.92,"0",0,0.58,0.88,0.13,0.16,""
"",1599010875.707325,"2020-09-02T01:41:15.000Z 2020-09-02T01:41:15.000Z","24.992066167 ","121.234315667 ","rav4_2013",0.86,"0",0,0.6,0.87,0.13,0.17,""
"",1599010876.1665645,"2020-09-02T01:41:16.000Z 2020-09-02T01:41:16.000Z","24.992146833 ","121.234286333 ","rav4_2013",0.91,"0",0,0.61,0.88,0.14,0.17,""
"",1599010876.6705441,"2020-09-02T01:41:16.000Z 2020-09-02T01:41:16.000Z","24.992146833 ","121.234286333 ","rav4_2013",0.92,"0",0,0.64,0.88,0.15,0.19,""
"",1599010877.1233876,"2020-09-02T01:41:17.000Z 2020-09-02T01:41:17.000Z","24.992225333 ","121.234249 ","rav4_2013",0.92,"0",0,0.68,0.88,0.17,0.2,""
"",1599010877.5785527,"2020-09-02T01:41:17.000Z 2020-09-02T01:41:17.000Z","24.992225333 ","121.234249 ","rav4_2013",0.92,"0",0,0.75,0.87,0.2,0.23,""
"",1599010878.0266314,"2020-09-02T01:41:17.000Z 2020-09-02T01:41:17.000Z","24.992225333 ","121.234249 ","rav4_2013",0.92,"0",0,0.9,0.85,0.19,0.29,""
"",1599011171.6510565,"2020-09-02T01:46:11.000Z 2020-09-02T01:46:11.000Z","24.986285167 ","121.235120667 ","rav4_2013",0.83,"0",0,0.52,0.89,0.16,0.19,""
"",1599011173.2959335,"2020-09-02T01:46:13.000Z 2020-09-02T01:46:13.000Z","24.986181333 ","121.235018333 ","rav4_2013",0.82,"0",0,0.52,0.89,0.15,0.18,""
"",1599011174.1471965,"2020-09-02T01:46:14.000Z 2020-09-02T01:46:14.000Z","24.986122333 ","121.23496 ","rav4_2013",0.81,"0",0,0.53,0.89,0.14,0.18,""
"",1599011174.6093109,"2020-09-02T01:46:14.000Z 2020-09-02T01:46:14.000Z","24.986122333 ","121.23496 ","rav4_2013",0.84,"0",0,0.53,0.89,0.14,0.17,""
"",1599011175.2578862,"2020-09-02T01:46:15.000Z 2020-09-02T01:46:15.000Z","24.986059333 ","121.234899833 ","rav4_2013",0.81,"0",0,0.53,0.89,0.14,0.17,""
"",1599011177.3146122,"2020-09-02T01:46:17.000Z 2020-09-02T01:46:17.000Z","24.985924333 ","121.234768167 ","rav4_2013",0.85,"0",0,0.53,0.89,0.15,0.19,""
"",1599011177.7726543,"2020-09-02T01:46:17.000Z 2020-09-02T01:46:17.000Z","24.985924333 ","121.234768167 ","rav4_2013",0.9,"0",0,0.53,0.89,0.15,0.19,""
"",1599011178.2270873,"2020-09-02T01:46:18.000Z 2020-09-02T01:46:18.000Z","24.985856667 ","121.234701667 ","rav4_2013",0.85,"0",0,0.53,0.89,0.16,0.19,""
"",1599011183.2957504,"2020-09-02T01:46:23.000Z 2020-09-02T01:46:23.000Z","24.985542 ","121.234380167 ","rav4_2013",0.91,"0",0,0.54,0.89,0.16,0.19,""
"",1599011183.7382798,"2020-09-02T01:46:23.000Z 2020-09-02T01:46:23.000Z","24.985542 ","121.234380167 ","rav4_2013",0.85,"0",0,0.54,0.9,0.15,0.18,""
"",1599011184.1990595,"2020-09-02T01:46:24.000Z 2020-09-02T01:46:24.000Z","24.985474333 ","121.234309333 ","rav4_2013",0.88,"0",0,0.54,0.89,0.15,0.18,""
"",1599011184.6471856,"2020-09-02T01:46:24.000Z 2020-09-02T01:46:24.000Z","24.985474333 ","121.234309333 ","rav4_2013",0.91,"0",0,0.54,0.89,0.15,0.19,""
"",1599011185.1078858,"2020-09-02T01:46:25.000Z 2020-09-02T01:46:25.000Z","24.985403333 ","121.234235667 ","rav4_2013",0.87,"0",0,0.54,0.89,0.15,0.18,""
"",1599011185.7392704,"2020-09-02T01:46:25.000Z 2020-09-02T01:46:25.000Z","24.985403333 ","121.234235667 ","rav4_2013",0.89,"0",0,0.54,0.89,0.16,0.19,""
"",1599011186.202952,"2020-09-02T01:46:26.000Z 2020-09-02T01:46:26.000Z","24.985331833 ","121.234161 ","rav4_2013",0.86,"0",0,0.54,0.89,0.16,0.19,""
"",1599011188.141493,"2020-09-02T01:46:28.000Z 2020-09-02T01:46:28.000Z","24.985193167 ","121.234014667 ","rav4_2013",0.89,"0",0,0.54,0.89,0.16,0.19,""
"",1599011188.7922835,"2020-09-02T01:46:28.000Z 2020-09-02T01:46:28.000Z","24.985193167 ","121.234014667 ","rav4_2013",0.91,"0",0,0.54,0.89,0.15,0.19,""
"",1599011189.4544325,"2020-09-02T01:46:29.000Z 2020-09-02T01:46:29.000Z","24.985121833 ","121.233937667 ","rav4_2013",0.92,"0",0,0.54,0.89,0.15,0.18,""
"",1599011189.9012723,"2020-09-02T01:46:29.000Z 2020-09-02T01:46:29.000Z","24.985121833 ","121.233937667 ","rav4_2013",0.88,"0",0,0.54,0.89,0.15,0.18,""
"",1599011190.3615978,"2020-09-02T01:46:30.000Z 2020-09-02T01:46:30.000Z","24.985047333 ","121.233856 ","rav4_2013",0.91,"0",0,0.54,0.89,0.15,0.18,""
"",1599011190.8195024,"2020-09-02T01:46:30.000Z 2020-09-02T01:46:30.000Z","24.985047333 ","121.233856 ","rav4_2013",0.83,"0",0,0.54,0.88,0.14,0.17,""
"",1599011191.2690418,"2020-09-02T01:46:31.000Z 2020-09-02T01:46:31.000Z","24.984969333 ","121.2337715 ","rav4_2013",0.82,"0",0,0.53,0.89,0.13,0.16,""
"",1599011192.1307402,"2020-09-02T01:46:32.000Z 2020-09-02T01:46:32.000Z","24.984888333 ","121.233683 ","rav4_2013",0.82,"0",0,0.54,0.88,0.13,0.16,""
"",1599011195.3662677,"2020-09-02T01:46:35.000Z 2020-09-02T01:46:35.000Z","24.984625 ","121.23339 ","rav4_2013",0.85,"0",0,0.52,0.88,0.13,0.16,""
"",1599011195.8291335,"2020-09-02T01:46:35.000Z 2020-09-02T01:46:35.000Z","24.984625 ","121.23339 ","rav4_2013",0.87,"0",0,0.52,0.88,0.13,0.16,""
"",1599011196.2826908,"2020-09-02T01:46:36.000Z 2020-09-02T01:46:36.000Z","24.984535167 ","121.233288167 ","rav4_2013",0.87,"0",0,0.52,0.88,0.12,0.15,""
"",1599011200.9524837,"2020-09-02T01:46:40.000Z 2020-09-02T01:46:40.000Z","24.9841575 ","121.232856167 ","rav4_2013",0.87,"0",0,0.54,0.88,0.15,0.19,""
"",1599011204.9335232,"2020-09-02T01:46:44.000Z 2020-09-02T01:46:44.000Z","24.9838255 ","121.232467667 ","rav4_2013",0.83,"0",0,0.52,0.89,0.17,0.2,""
"",1599011206.3995366,"2020-09-02T01:46:46.000Z 2020-09-02T01:46:46.000Z","24.9836845 ","121.232304167 ","rav4_2013",0.87,"0",0,0.53,0.89,0.16,0.2,""
"",1599011206.85868,"2020-09-02T01:46:46.000Z 2020-09-02T01:46:46.000Z","24.9836845 ","121.232304167 ","rav4_2013",0.83,"0",0,0.54,0.89,0.16,0.2,""
"",1599011207.5096452,"2020-09-02T01:46:47.000Z 2020-09-02T01:46:47.000Z","24.983616667 ","121.232225667 ","rav4_2013",0.89,"0",0,0.54,0.89,0.17,0.2,""
"",1599011219.7013588,"2020-09-02T01:46:59.000Z 2020-09-02T01:46:59.000Z","24.983019833 ","121.231532667 ","rav4_2013",0.81,"0",0,0.56,0.89,0.16,0.2,""
"",1599011220.174367,"2020-09-02T01:47:00.000Z 2020-09-02T01:47:00.000Z","24.982978333 ","121.231484167 ","rav4_2013",0.85,"0",0,0.55,0.89,0.16,0.19,""
"",1599011222.97633,"2020-09-02T01:47:02.000Z 2020-09-02T01:47:02.000Z","24.982882 ","121.231371167 ","rav4_2013",0.85,"0",0,0.55,0.89,0.17,0.2,""
"",1599011236.8495224,"2020-09-02T01:47:16.000Z 2020-09-02T01:47:16.000Z","24.982377 ","121.230781 ","rav4_2013",0.88,"0",0,0.54,0.89,0.16,0.19,""
"",1599011237.5186923,"2020-09-02T01:47:17.000Z 2020-09-02T01:47:17.000Z","24.9823435 ","121.2307425 ","rav4_2013",0.82,"0",0,0.54,0.89,0.15,0.19,""
"",1599011238.1702387,"2020-09-02T01:47:18.000Z 2020-09-02T01:47:18.000Z","24.982308 ","121.230701 ","rav4_2013",0.86,"0",0,0.54,0.89,0.15,0.19,""
"",1599011239.2491395,"2020-09-02T01:47:19.000Z 2020-09-02T01:47:19.000Z","24.982269167 ","121.230655167 ","rav4_2013",0.81,"0",0,0.55,0.89,0.14,0.17,""
"",1599011245.6476665,"2020-09-02T01:47:25.000Z 2020-09-02T01:47:25.000Z","24.982009 ","121.230347667 ","rav4_2013",0.83,"0",0,0.54,0.89,0.15,0.18,""
"",1599011246.1090345,"2020-09-02T01:47:26.000Z 2020-09-02T01:47:26.000Z","24.9819665 ","121.230297667 ","rav4_2013",0.87,"0",0,0.54,0.89,0.15,0.18,""
"",1599011246.5652084,"2020-09-02T01:47:26.000Z 2020-09-02T01:47:26.000Z","24.9819665 ","121.230297667 ","rav4_2013",0.88,"0",0,0.54,0.89,0.15,0.18,""
"",1599011247.0230477,"2020-09-02T01:47:26.000Z 2020-09-02T01:47:26.000Z","24.9819665 ","121.230297667 ","rav4_2013",0.84,"0",0,0.54,0.89,0.15,0.18,""
"",1599011247.4769785,"2020-09-02T01:47:27.000Z 2020-09-02T01:47:27.000Z","24.981922167 ","121.230245667 ","rav4_2013",0.88,"0",0,0.54,0.89,0.15,0.19,""
"",1599011247.9350677,"2020-09-02T01:47:27.000Z 2020-09-02T01:47:27.000Z","24.981922167 ","121.230245667 ","rav4_2013",0.89,"0",0,0.54,0.89,0.15,0.19,""
"",1599011248.3769488,"2020-09-02T01:47:28.000Z 2020-09-02T01:47:28.000Z","24.981877167 ","121.230193333 ","rav4_2013",0.9,"0",0,0.54,0.89,0.15,0.18,""
"",1599011249.0117428,"2020-09-02T01:47:28.000Z 2020-09-02T01:47:28.000Z","24.981877167 ","121.230193333 ","rav4_2013",0.88,"0",0,0.55,0.89,0.15,0.19,""
"",1599011249.4774969,"2020-09-02T01:47:29.000Z 2020-09-02T01:47:29.000Z","24.981832667 ","121.230141333 ","rav4_2013",0.9,"0",0,0.55,0.89,0.15,0.18,""
"",1599011250.1297302,"2020-09-02T01:47:30.000Z 2020-09-02T01:47:30.000Z","24.981788667 ","121.23009 ","rav4_2013",0.84,"0",0,0.55,0.89,0.14,0.16,""
"",1599011250.7665637,"2020-09-02T01:47:30.000Z 2020-09-02T01:47:30.000Z","24.981788667 ","121.23009 ","rav4_2013",0.84,"0",0,0.55,0.88,0.13,0.16,""
"",1599011251.2290335,"2020-09-02T01:47:31.000Z 2020-09-02T01:47:31.000Z","24.981742167 ","121.230036333 ","rav4_2013",0.84,"0",0,0.55,0.89,0.13,0.16,""
"",1599011252.082199,"2020-09-02T01:47:32.000Z 2020-09-02T01:47:32.000Z","24.981691333 ","121.229977 ","rav4_2013",0.83,"0",0,0.55,0.89,0.13,0.16,""
"",1599011252.5342643,"2020-09-02T01:47:32.000Z 2020-09-02T01:47:32.000Z","24.981691333 ","121.229977 ","rav4_2013",0.81,"0",0,0.55,0.88,0.13,0.16,""
"",1599011256.157928,"2020-09-02T01:47:36.000Z 2020-09-02T01:47:36.000Z","24.981482833 ","121.2297325 ","rav4_2013",0.84,"0",0,0.54,0.89,0.16,0.19,""
"",1599011256.819382,"2020-09-02T01:47:36.000Z 2020-09-02T01:47:36.000Z","24.981482833 ","121.2297325 ","rav4_2013",0.88,"0",0,0.54,0.89,0.15,0.19,""
"",1599011257.4762871,"2020-09-02T01:47:37.000Z 2020-09-02T01:47:37.000Z","24.981433 ","121.229674 ","rav4_2013",0.86,"0",0,0.54,0.89,0.15,0.19,""
"",1599011257.9383314,"2020-09-02T01:47:37.000Z 2020-09-02T01:47:37.000Z","24.981433 ","121.229674 ","rav4_2013",0.89,"0",0,0.54,0.89,0.15,0.18,""
"",1599011258.4013655,"2020-09-02T01:47:38.000Z 2020-09-02T01:47:38.000Z","24.981383333 ","121.2296155 ","rav4_2013",0.88,"0",0,0.54,0.89,0.15,0.18,""
"",1599011258.8611648,"2020-09-02T01:47:38.000Z 2020-09-02T01:47:38.000Z","24.981383333 ","121.2296155 ","rav4_2013",0.87,"0",0,0.55,0.89,0.15,0.18,""
"",1599011259.3214417,"2020-09-02T01:47:39.000Z 2020-09-02T01:47:39.000Z","24.981330667 ","121.229554333 ","rav4_2013",0.82,"0",0,0.55,0.89,0.14,0.18,""
"",1599011260.1737745,"2020-09-02T01:47:40.000Z 2020-09-02T01:47:40.000Z","24.9812765 ","121.229491167 ","rav4_2013",0.83,"0",0,0.55,0.89,0.14,0.18,""
"",1599011261.2253063,"2020-09-02T01:47:41.000Z 2020-09-02T01:47:41.000Z","24.981221667 ","121.229427667 ","rav4_2013",0.84,"0",0,0.55,0.89,0.14,0.17,""
"",1599011261.6880972,"2020-09-02T01:47:41.000Z 2020-09-02T01:47:41.000Z","24.981221667 ","121.229427667 ","rav4_2013",0.86,"0",0,0.55,0.89,0.13,0.17,""
"",1599011262.1421466,"2020-09-02T01:47:42.000Z 2020-09-02T01:47:42.000Z","24.981165167 ","121.2293625 ","rav4_2013",0.83,"0",0,0.55,0.89,0.13,0.16,""
"",1599011262.5984783,"2020-09-02T01:47:42.000Z 2020-09-02T01:47:42.000Z","24.981165167 ","121.2293625 ","rav4_2013",0.88,"0",0,0.55,0.89,0.13,0.16,""
"",1599011263.0566955,"2020-09-02T01:47:43.000Z 2020-09-02T01:47:43.000Z","24.981106667 ","121.229294333 ","rav4_2013",0.89,"0",0,0.55,0.89,0.13,0.16,""
"",1599011263.5121999,"2020-09-02T01:47:43.000Z 2020-09-02T01:47:43.000Z","24.981106667 ","121.229294333 ","rav4_2013",0.85,"0",0,0.54,0.89,0.13,0.16,""
"",1599011263.966755,"2020-09-02T01:47:43.000Z 2020-09-02T01:47:43.000Z","24.981106667 ","121.229294333 ","rav4_2013",0.9,"0",0,0.54,0.88,0.13,0.16,""
"",1599011264.8217213,"2020-09-02T01:47:44.000Z 2020-09-02T01:47:44.000Z","24.981047333 ","121.229224667 ","rav4_2013",0.87,"0",0,0.53,0.88,0.12,0.15,""
"",1599011265.2923625,"2020-09-02T01:47:45.000Z 2020-09-02T01:47:45.000Z","24.980986833 ","121.2291535 ","rav4_2013",0.85,"0",0,0.53,0.88,0.12,0.15,""
"",1599011265.7486687,"2020-09-02T01:47:45.000Z 2020-09-02T01:47:45.000Z","24.980986833 ","121.2291535 ","rav4_2013",0.86,"0",0,0.53,0.89,0.12,0.15,""
"",1599011267.5995333,"2020-09-02T01:47:47.000Z 2020-09-02T01:47:47.000Z","24.980861167 ","121.229005667 ","rav4_2013",0.88,"0",0,0.53,0.88,0.12,0.15,""
"",1599011268.0968575,"2020-09-02T01:47:48.000Z 2020-09-02T01:47:48.000Z","24.980796 ","121.228929333 ","rav4_2013",0.81,"0",0,0.53,0.88,0.12,0.15,""
"",1599011268.951225,"2020-09-02T01:47:48.000Z 2020-09-02T01:47:48.000Z","24.980796 ","121.228929333 ","rav4_2013",0.87,"0",0,0.53,0.88,0.12,0.15,""
"",1599011269.4048164,"2020-09-02T01:47:49.000Z 2020-09-02T01:47:49.000Z","24.980731 ","121.228853667 ","rav4_2013",0.91,"0",0,0.54,0.88,0.12,0.15,""
"",1599011269.8707237,"2020-09-02T01:47:49.000Z 2020-09-02T01:47:49.000Z","24.980731 ","121.228853667 ","rav4_2013",0.9,"0",0,0.54,0.88,0.13,0.16,""
"",1599011270.3264694,"2020-09-02T01:47:50.000Z 2020-09-02T01:47:50.000Z","24.980666667 ","121.228779167 ","rav4_2013",0.9,"0",0,0.54,0.88,0.13,0.16,""
"",1599011270.7798598,"2020-09-02T01:47:50.000Z 2020-09-02T01:47:50.000Z","24.980666667 ","121.228779167 ","rav4_2013",0.86,"0",0,0.54,0.88,0.13,0.16,""
"",1599011271.2357218,"2020-09-02T01:47:51.000Z 2020-09-02T01:47:51.000Z","24.980604 ","121.228706667 ","rav4_2013",0.86,"0",0,0.54,0.89,0.13,0.17,""
"",1599011271.6953292,"2020-09-02T01:47:51.000Z 2020-09-02T01:47:51.000Z","24.980604 ","121.228706667 ","rav4_2013",0.88,"0",0,0.54,0.88,0.14,0.17,""
"",1599011272.148303,"2020-09-02T01:47:52.000Z 2020-09-02T01:47:52.000Z","24.980542833 ","121.2286355 ","rav4_2013",0.9,"0",0,0.54,0.89,0.14,0.17,""
"",1599011272.6095176,"2020-09-02T01:47:52.000Z 2020-09-02T01:47:52.000Z","24.980542833 ","121.2286355 ","rav4_2013",0.91,"0",0,0.54,0.88,0.14,0.17,""
"",1599011273.0575922,"2020-09-02T01:47:53.000Z 2020-09-02T01:47:53.000Z","24.980484 ","121.2285665 ","rav4_2013",0.89,"0",0,0.54,0.88,0.14,0.17,""
"",1599011273.5141804,"2020-09-02T01:47:53.000Z 2020-09-02T01:47:53.000Z","24.980484 ","121.2285665 ","rav4_2013",0.9,"0",0,0.55,0.88,0.14,0.17,""
"",1599011273.968324,"2020-09-02T01:47:53.000Z 2020-09-02T01:47:53.000Z","24.980484 ","121.2285665 ","rav4_2013",0.89,"0",0,0.54,0.89,0.13,0.17,""
"",1599011274.4220052,"2020-09-02T01:47:54.000Z 2020-09-02T01:47:54.000Z","24.9804255 ","121.2284985 ","rav4_2013",0.91,"0",0,0.55,0.89,0.13,0.16,""
"",1599011274.8848746,"2020-09-02T01:47:54.000Z 2020-09-02T01:47:54.000Z","24.9804255 ","121.2284985 ","rav4_2013",0.85,"0",0,0.55,0.88,0.13,0.16,""
"",1599011275.336583,"2020-09-02T01:47:55.000Z 2020-09-02T01:47:55.000Z","24.980365667 ","121.2284285 ","rav4_2013",0.84,"0",0,0.55,0.89,0.13,0.16,""
"",1599011275.7942123,"2020-09-02T01:47:55.000Z 2020-09-02T01:47:55.000Z","24.980365667 ","121.2284285 ","rav4_2013",0.88,"0",0,0.55,0.89,0.13,0.16,""
"",1599011276.2497873,"2020-09-02T01:47:56.000Z 2020-09-02T01:47:56.000Z","24.980304 ","121.228356333 ","rav4_2013",0.89,"0",0,0.55,0.89,0.13,0.16,""
"",1599011276.7056415,"2020-09-02T01:47:56.000Z 2020-09-02T01:47:56.000Z","24.980304 ","121.228356333 ","rav4_2013",0.9,"0",0,0.55,0.88,0.12,0.15,""
"",1599011277.1585495,"2020-09-02T01:47:57.000Z 2020-09-02T01:47:57.000Z","24.980241333 ","121.228282667 ","rav4_2013",0.89,"0",0,0.54,0.88,0.12,0.15,""
"",1599011277.6145127,"2020-09-02T01:47:57.000Z 2020-09-02T01:47:57.000Z","24.980241333 ","121.228282667 ","rav4_2013",0.82,"0",0,0.54,0.88,0.12,0.15,""
"",1599011278.0701878,"2020-09-02T01:47:58.000Z 2020-09-02T01:47:58.000Z","24.980178167 ","121.228207833 ","rav4_2013",0.84,"0",0,0.54,0.88,0.12,0.14,""
"",1599011278.5299253,"2020-09-02T01:47:58.000Z 2020-09-02T01:47:58.000Z","24.980178167 ","121.228207833 ","rav4_2013",0.81,"0",0,0.53,0.88,0.11,0.14,""
"",1599011281.3671107,"2020-09-02T01:48:01.000Z 2020-09-02T01:48:01.000Z","24.979988833 ","121.2279845 ","rav4_2013",0.87,"0",0,0.54,0.88,0.12,0.15,""
"",1599011281.8268516,"2020-09-02T01:48:01.000Z 2020-09-02T01:48:01.000Z","24.979988833 ","121.2279845 ","rav4_2013",0.87,"0",0,0.54,0.88,0.13,0.17,""
"",1599011282.2857835,"2020-09-02T01:48:02.000Z 2020-09-02T01:48:02.000Z","24.979932333 ","121.227917833 ","rav4_2013",0.91,"0",0,0.54,0.88,0.14,0.18,""
"",1599011282.7378528,"2020-09-02T01:48:02.000Z 2020-09-02T01:48:02.000Z","24.979932333 ","121.227917833 ","rav4_2013",0.91,"0",0,0.54,0.88,0.15,0.18,""
"",1599011283.2000484,"2020-09-02T01:48:03.000Z 2020-09-02T01:48:03.000Z","24.979883 ","121.2278595 ","rav4_2013",0.89,"0",0,0.54,0.88,0.16,0.19,""
"",1599011283.6581347,"2020-09-02T01:48:03.000Z 2020-09-02T01:48:03.000Z","24.979883 ","121.2278595 ","rav4_2013",0.93,"0",0,0.54,0.89,0.16,0.19,""
"",1599011284.5257723,"2020-09-02T01:48:04.000Z 2020-09-02T01:48:04.000Z","24.9798385 ","121.227807167 ","rav4_2013",0.9,"0",0,0.54,0.89,0.17,0.2,""
"",1599011284.9656086,"2020-09-02T01:48:04.000Z 2020-09-02T01:48:04.000Z","24.9798385 ","121.227807167 ","rav4_2013",0.88,"0",0,0.54,0.89,0.17,0.2,""
"",1599011285.6061313,"2020-09-02T01:48:05.000Z 2020-09-02T01:48:05.000Z","24.9797975 ","121.227758167 ","rav4_2013",0.91,"0",0,0.54,0.89,0.16,0.2,""
"",1599011286.2436163,"2020-09-02T01:48:06.000Z 2020-09-02T01:48:06.000Z","24.979756333 ","121.227709333 ","rav4_2013",0.91,"0",0,0.54,0.89,0.16,0.19,""
"",1599011286.877451,"2020-09-02T01:48:06.000Z 2020-09-02T01:48:06.000Z","24.979756333 ","121.227709333 ","rav4_2013",0.89,"0",0,0.54,0.89,0.15,0.18,""
"",1599011287.3118103,"2020-09-02T01:48:07.000Z 2020-09-02T01:48:07.000Z","24.979712333 ","121.227657333 ","rav4_2013",0.88,"0",0,0.54,0.89,0.15,0.17,""
"",1599011287.7450612,"2020-09-02T01:48:07.000Z 2020-09-02T01:48:07.000Z","24.979712333 ","121.227657333 ","rav4_2013",0.9,"0",0,0.54,0.89,0.14,0.17,""
"",1599011288.21575,"2020-09-02T01:48:08.000Z 2020-09-02T01:48:08.000Z","24.979664167 ","121.227600667 ","rav4_2013",0.86,"0",0,0.54,0.89,0.14,0.17,""
"",1599011288.6567185,"2020-09-02T01:48:08.000Z 2020-09-02T01:48:08.000Z","24.979664167 ","121.227600667 ","rav4_2013",0.89,"0",0,0.54,0.89,0.14,0.16,""
"",1599011289.1861517,"2020-09-02T01:48:09.000Z 2020-09-02T01:48:09.000Z","24.9796125 ","121.227540667 ","rav4_2013",0.84,"0",0,0.54,0.89,0.13,0.16,""
"",1599011289.6461294,"2020-09-02T01:48:09.000Z 2020-09-02T01:48:09.000Z","24.9796125 ","121.227540667 ","rav4_2013",0.87,"0",0,0.54,0.89,0.12,0.15,""
"",1599011290.304847,"2020-09-02T01:48:10.000Z 2020-09-02T01:48:10.000Z","24.979555333 ","121.2274745 ","rav4_2013",0.87,"0",0,0.54,0.89,0.12,0.15,""
"",1599011290.749394,"2020-09-02T01:48:10.000Z 2020-09-02T01:48:10.000Z","24.979555333 ","121.2274745 ","rav4_2013",0.89,"0",0,0.54,0.88,0.12,0.15,""
"",1599011291.7786283,"2020-09-02T01:48:11.000Z 2020-09-02T01:48:11.000Z","24.979495333 ","121.227404667 ","rav4_2013",0.85,"0",0,0.55,0.88,0.11,0.14,""
"",1599011298.8505533,"2020-09-02T01:48:18.000Z 2020-09-02T01:48:18.000Z","24.979 ","121.226822333 ","rav4_2013",0.83,"0",0,0.53,0.88,0.12,0.14,""
"",1599011299.2977712,"2020-09-02T01:48:19.000Z 2020-09-02T01:48:19.000Z","24.978927 ","121.226737 ","rav4_2013",0.84,"0",0,0.53,0.88,0.13,0.16,""
"",1599011299.7581487,"2020-09-02T01:48:19.000Z 2020-09-02T01:48:19.000Z","24.978927 ","121.226737 ","rav4_2013",0.86,"0",0,0.53,0.88,0.14,0.16,""
"",1599011300.4170167,"2020-09-02T01:48:20.000Z 2020-09-02T01:48:20.000Z","24.978858333 ","121.226657167 ","rav4_2013",0.87,"0",0,0.53,0.89,0.15,0.18,""
"",1599011303.353806,"2020-09-02T01:48:23.000Z 2020-09-02T01:48:23.000Z","24.978677833 ","121.226450167 ","rav4_2013",0.83,"0",0,0.81,0.86,0.11,0.1,""
"",1599011303.804374,"2020-09-02T01:48:23.000Z 2020-09-02T01:48:23.000Z","24.978677833 ","121.226450167 ","rav4_2013",0.85,"0",0,0.54,0.89,0.17,0.2,""
"",1599011306.4504986,"2020-09-02T01:48:26.000Z 2020-09-02T01:48:26.000Z","24.978519 ","121.226264333 ","rav4_2013",0.87,"0",0,0.54,0.89,0.15,0.19,""
"",1599011307.7147326,"2020-09-02T01:48:27.000Z 2020-09-02T01:48:27.000Z","24.978468333 ","121.2262055 ","rav4_2013",0.87,"0",0,0.55,0.89,0.15,0.18,""
"",1599011308.1683743,"2020-09-02T01:48:28.000Z 2020-09-02T01:48:28.000Z","24.978416667 ","121.226145667 ","rav4_2013",0.87,"0",0,0.55,0.89,0.14,0.18,""
"",1599011308.8267744,"2020-09-02T01:48:28.000Z 2020-09-02T01:48:28.000Z","24.978416667 ","121.226145667 ","rav4_2013",0.86,"0",0,0.54,0.89,0.13,0.17,""
"",1599011309.2820034,"2020-09-02T01:48:29.000Z 2020-09-02T01:48:29.000Z","24.978364833 ","121.226085833 ","rav4_2013",0.85,"0",0,0.54,0.88,0.13,0.16,""
"",1599011309.743366,"2020-09-02T01:48:29.000Z 2020-09-02T01:48:29.000Z","24.978364833 ","121.226085833 ","rav4_2013",0.82,"0",0,0.55,0.89,0.12,0.15,""
"",1599011310.1837137,"2020-09-02T01:48:30.000Z 2020-09-02T01:48:30.000Z","24.978312333 ","121.226024667 ","rav4_2013",0.88,"0",0,0.54,0.89,0.12,0.15,""
"",1599011310.6508236,"2020-09-02T01:48:30.000Z 2020-09-02T01:48:30.000Z","24.978312333 ","121.226024667 ","rav4_2013",0.86,"0",0,0.54,0.88,0.11,0.14,""
"",1599011317.649471,"2020-09-02T01:48:37.000Z 2020-09-02T01:48:37.000Z","24.977863333 ","121.225500167 ","rav4_2013",0.83,"0",0,0.54,0.88,0.12,0.16,""
"",1599011318.115591,"2020-09-02T01:48:38.000Z 2020-09-02T01:48:38.000Z","24.977805667 ","121.225431833 ","rav4_2013",0.87,"0",0,0.54,0.88,0.12,0.16,""
"",1599011318.5679793,"2020-09-02T01:48:38.000Z 2020-09-02T01:48:38.000Z","24.977805667 ","121.225431833 ","rav4_2013",0.86,"0",0,0.54,0.88,0.13,0.15,""
"",1599011320.0207832,"2020-09-02T01:48:39.000Z 2020-09-02T01:48:39.000Z","24.977749 ","121.225365167 ","rav4_2013",0.89,"0",0,0.53,0.88,0.12,0.15,""
"",1599011320.478092,"2020-09-02T01:48:40.000Z 2020-09-02T01:48:40.000Z","24.977692167 ","121.2252985 ","rav4_2013",0.83,"0",0,0.53,0.88,0.12,0.15,""
"",1599011323.3291385,"2020-09-02T01:48:43.000Z 2020-09-02T01:48:43.000Z","24.977513833 ","121.225089833 ","rav4_2013",0.8,"0",0,0.53,0.88,0.12,0.14,""
"",1599011324.9580889,"2020-09-02T01:48:44.000Z 2020-09-02T01:48:44.000Z","24.977449 ","121.225014833 ","rav4_2013",0.83,"0",0,0.54,0.88,0.11,0.14,""
"",1599011325.618178,"2020-09-02T01:48:45.000Z 2020-09-02T01:48:45.000Z","24.977382667 ","121.224937333 ","rav4_2013",0.82,"0",0,0.54,0.88,0.11,0.13,""
"",1599011328.851887,"2020-09-02T01:48:48.000Z 2020-09-02T01:48:48.000Z","24.977177333 ","121.224697 ","rav4_2013",0.83,"0",0,0.54,0.88,0.11,0.13,""
"",1599011372.9472835,"2020-09-02T01:49:32.000Z 2020-09-02T01:49:32.000Z","24.973700333 ","121.220685167 ","rav4_2013",0.86,"0",0,0.85,0.89,0.26,0.2,""
"",1599011373.734196,"2020-09-02T01:49:33.000Z 2020-09-02T01:49:33.000Z","24.973623 ","121.220593 ","rav4_2013",0.88,"0",0,0.8,0.89,0.22,0.18,""
"",1599011374.5391426,"2020-09-02T01:49:34.000Z 2020-09-02T01:49:34.000Z","24.973546833 ","121.220503833 ","rav4_2013",0.86,"0",0,0.77,0.89,0.18,0.16,""
"",1599011374.9370494,"2020-09-02T01:49:34.000Z 2020-09-02T01:49:34.000Z","24.973546833 ","121.220503833 ","rav4_2013",0.85,"0",0,0.76,0.89,0.17,0.15,""
"",1599011375.3265944,"2020-09-02T01:49:35.000Z 2020-09-02T01:49:35.000Z","24.973471 ","121.220415333 ","rav4_2013",0.9,"0",0,0.75,0.89,0.16,0.15,""
"",1599011375.7242768,"2020-09-02T01:49:35.000Z 2020-09-02T01:49:35.000Z","24.973471 ","121.220415333 ","rav4_2013",0.93,"0",0,0.74,0.88,0.15,0.14,""
"",1599011376.1229048,"2020-09-02T01:49:36.000Z 2020-09-02T01:49:36.000Z","24.973395667 ","121.220326667 ","rav4_2013",0.88,"0",0,0.74,0.89,0.15,0.14,""
"",1599011376.9184952,"2020-09-02T01:49:36.000Z 2020-09-02T01:49:36.000Z","24.973395667 ","121.220326667 ","rav4_2013",0.81,"0",0,0.73,0.89,0.15,0.13,""
"",1599011377.3139799,"2020-09-02T01:49:37.000Z 2020-09-02T01:49:37.000Z","24.973318 ","121.220235333 ","rav4_2013",0.87,"0",0,0.73,0.88,0.14,0.13,""
"",1599011377.7066784,"2020-09-02T01:49:37.000Z 2020-09-02T01:49:37.000Z","24.973318 ","121.220235333 ","rav4_2013",0.9,"0",0,0.73,0.89,0.15,0.13,""
"",1599011378.102771,"2020-09-02T01:49:38.000Z 2020-09-02T01:49:38.000Z","24.973238667 ","121.2201415 ","rav4_2013",0.91,"0",0,0.73,0.88,0.15,0.14,""
"",1599011378.501954,"2020-09-02T01:49:38.000Z 2020-09-02T01:49:38.000Z","24.973238667 ","121.2201415 ","rav4_2013",0.92,"0",0,0.74,0.89,0.15,0.14,""
"",1599011378.8912716,"2020-09-02T01:49:38.000Z 2020-09-02T01:49:38.000Z","24.973238667 ","121.2201415 ","rav4_2013",0.84,"0",0,0.74,0.89,0.15,0.14,""
"",1599011379.2881327,"2020-09-02T01:49:39.000Z 2020-09-02T01:49:39.000Z","24.973158 ","121.220046333 ","rav4_2013",0.92,"0",0,0.75,0.88,0.16,0.14,""
"",1599011379.6836576,"2020-09-02T01:49:39.000Z 2020-09-02T01:49:39.000Z","24.973158 ","121.220046333 ","rav4_2013",0.93,"0",0,0.76,0.89,0.17,0.15,""
"",1599011380.07506,"2020-09-02T01:49:40.000Z 2020-09-02T01:49:40.000Z","24.973076833 ","121.219951667 ","rav4_2013",0.93,"0",0,0.76,0.89,0.17,0.14,""
"",1599011380.4755108,"2020-09-02T01:49:40.000Z 2020-09-02T01:49:40.000Z","24.973076833 ","121.219951667 ","rav4_2013",0.89,"0",0,0.77,0.89,0.18,0.15,""
"",1599011380.8758242,"2020-09-02T01:49:40.000Z 2020-09-02T01:49:40.000Z","24.973076833 ","121.219951667 ","rav4_2013",0.91,"0",0,0.78,0.9,0.19,0.15,""
"",1599011381.2692056,"2020-09-02T01:49:41.000Z 2020-09-02T01:49:41.000Z","24.9729975 ","121.219859 ","rav4_2013",0.92,"0",0,0.79,0.89,0.19,0.16,""
"",1599011381.6719723,"2020-09-02T01:49:41.000Z 2020-09-02T01:49:41.000Z","24.9729975 ","121.219859 ","rav4_2013",0.93,"0",0,0.79,0.88,0.19,0.16,""
"",1599011382.0725694,"2020-09-02T01:49:42.000Z 2020-09-02T01:49:42.000Z","24.972920167 ","121.219769 ","rav4_2013",0.92,"0",0,0.79,0.89,0.2,0.16,""
"",1599011382.6403224,"2020-09-02T01:49:42.000Z 2020-09-02T01:49:42.000Z","24.972920167 ","121.219769 ","rav4_2013",0.93,"0",0,0.79,0.89,0.2,0.16,""
"",1599011383.0369315,"2020-09-02T01:49:43.000Z 2020-09-02T01:49:43.000Z","24.972846282 ","121.219682486 ","rav4_2013",0.91,"0",0,0.78,0.89,0.19,0.16,""
"",1599011383.43321,"2020-09-02T01:49:43.000Z 2020-09-02T01:49:43.000Z","24.972846333 ","121.2196825 ","rav4_2013",0.93,"0",0,0.77,0.89,0.19,0.16,""
"",1599011383.8269446,"2020-09-02T01:49:43.000Z 2020-09-02T01:49:43.000Z","24.972846333 ","121.2196825 ","rav4_2013",0.93,"0",0,0.76,0.89,0.18,0.15,""
"",1599011384.2274084,"2020-09-02T01:49:44.000Z 2020-09-02T01:49:44.000Z","24.972774667 ","121.2195985 ","rav4_2013",0.9,"0",0,0.75,0.88,0.17,0.15,""
"",1599011384.6264668,"2020-09-02T01:49:44.000Z 2020-09-02T01:49:44.000Z","24.972774667 ","121.2195985 ","rav4_2013",0.93,"0",0,0.74,0.88,0.16,0.14,""
"",1599011385.0267386,"2020-09-02T01:49:44.000Z 2020-09-02T01:49:44.000Z","24.972774667 ","121.2195985 ","rav4_2013",0.87,"0",0,0.73,0.88,0.15,0.13,""
"",1599011385.63088,"2020-09-02T01:49:45.000Z 2020-09-02T01:49:45.000Z","24.972706 ","121.219518167 ","rav4_2013",0.85,"0",0,0.7,0.87,0.13,0.12,""
"",1599011442.0488207,"2020-09-02T01:50:42.000Z 2020-09-02T01:50:42.000Z","24.967471333 ","121.213352667 ","rav4_2013",0.85,"0",0,0.74,0.88,0.13,0.11,""
"",1599011442.440022,"2020-09-02T01:50:42.000Z 2020-09-02T01:50:42.000Z","24.967471333 ","121.213352667 ","rav4_2013",0.83,"0",0,0.75,0.88,0.13,0.12,""
"",1599011443.2356927,"2020-09-02T01:50:43.000Z 2020-09-02T01:50:43.000Z","24.9673755 ","121.213225667 ","rav4_2013",0.9,"0",0,0.75,0.88,0.14,0.12,""
"",1599011443.6279404,"2020-09-02T01:50:43.000Z 2020-09-02T01:50:43.000Z","24.9673755 ","121.213225667 ","rav4_2013",0.9,"0",0,0.75,0.88,0.14,0.12,""
"",1599011444.0268342,"2020-09-02T01:50:43.000Z 2020-09-02T01:50:43.000Z","24.9673755 ","121.213225667 ","rav4_2013",0.89,"0",0,0.75,0.88,0.14,0.12,""
"",1599011444.4264545,"2020-09-02T01:50:44.000Z 2020-09-02T01:50:44.000Z","24.967284 ","121.2131035 ","rav4_2013",0.91,"0",0,0.75,0.88,0.14,0.13,""
"",1599011444.8214157,"2020-09-02T01:50:44.000Z 2020-09-02T01:50:44.000Z","24.967284 ","121.2131035 ","rav4_2013",0.88,"0",0,0.75,0.89,0.14,0.12,""
"",1599011445.2226362,"2020-09-02T01:50:45.000Z 2020-09-02T01:50:45.000Z","24.967193667 ","121.212983833 ","rav4_2013",0.88,"0",0,0.75,0.89,0.14,0.12,""
"",1599011445.6228027,"2020-09-02T01:50:45.000Z 2020-09-02T01:50:45.000Z","24.967193667 ","121.212983833 ","rav4_2013",0.85,"0",0,0.75,0.89,0.14,0.12,""
"",1599011446.0118117,"2020-09-02T01:50:45.000Z 2020-09-02T01:50:45.000Z","24.967193667 ","121.212983833 ","rav4_2013",0.91,"0",0,0.76,0.88,0.15,0.13,""
"",1599011446.4135954,"2020-09-02T01:50:46.000Z 2020-09-02T01:50:46.000Z","24.967104667 ","121.212866667 ","rav4_2013",0.92,"0",0,0.76,0.89,0.15,0.13,""
"",1599011446.8144004,"2020-09-02T01:50:46.000Z 2020-09-02T01:50:46.000Z","24.967104667 ","121.212866667 ","rav4_2013",0.92,"0",0,0.76,0.88,0.15,0.13,""
"",1599011447.21122,"2020-09-02T01:50:47.000Z 2020-09-02T01:50:47.000Z","24.967017833 ","121.212749167 ","rav4_2013",0.88,"0",0,0.76,0.88,0.15,0.13,""
"",1599011447.6111975,"2020-09-02T01:50:47.000Z 2020-09-02T01:50:47.000Z","24.967017833 ","121.212749167 ","rav4_2013",0.89,"0",0,0.77,0.88,0.15,0.13,""
"",1599011448.005716,"2020-09-02T01:50:47.000Z 2020-09-02T01:50:47.000Z","24.967017833 ","121.212749167 ","rav4_2013",0.92,"0",0,0.77,0.89,0.15,0.12,""
"",1599011448.3985236,"2020-09-02T01:50:48.000Z 2020-09-02T01:50:48.000Z","24.966930167 ","121.212631 ","rav4_2013",0.91,"0",0,0.77,0.88,0.14,0.13,""
"",1599011448.793189,"2020-09-02T01:50:48.000Z 2020-09-02T01:50:48.000Z","24.966930167 ","121.212631 ","rav4_2013",0.92,"0",0,0.77,0.89,0.15,0.13,""
"",1599011449.1869197,"2020-09-02T01:50:49.000Z 2020-09-02T01:50:49.000Z","24.966842 ","121.212510333 ","rav4_2013",0.92,"0",0,0.77,0.89,0.15,0.13,""
"",1599011449.5895545,"2020-09-02T01:50:49.000Z 2020-09-02T01:50:49.000Z","24.966842 ","121.212510333 ","rav4_2013",0.9,"0",0,0.77,0.89,0.15,0.13,""
"",1599011449.9854472,"2020-09-02T01:50:49.000Z 2020-09-02T01:50:49.000Z","24.966842 ","121.212510333 ","rav4_2013",0.81,"0",0,0.78,0.89,0.16,0.13,""
"",1599011450.387131,"2020-09-02T01:50:50.000Z 2020-09-02T01:50:50.000Z","24.966752 ","121.2123855 ","rav4_2013",0.9,"0",0,0.78,0.89,0.16,0.14,""
"",1599011450.7822468,"2020-09-02T01:50:50.000Z 2020-09-02T01:50:50.000Z","24.966752 ","121.2123855 ","rav4_2013",0.9,"0",0,0.78,0.89,0.17,0.14,""
"",1599011451.1739922,"2020-09-02T01:50:51.000Z 2020-09-02T01:50:51.000Z","24.966661167 ","121.212257167 ","rav4_2013",0.9,"0",0,0.78,0.89,0.17,0.14,""
"",1599011451.5704217,"2020-09-02T01:50:51.000Z 2020-09-02T01:50:51.000Z","24.966661167 ","121.212257167 ","rav4_2013",0.9,"0",0,0.79,0.89,0.17,0.14,""
"",1599011451.9671896,"2020-09-02T01:50:51.000Z 2020-09-02T01:50:51.000Z","24.966661167 ","121.212257167 ","rav4_2013",0.9,"0",0,0.79,0.89,0.18,0.15,""
"",1599011452.3588982,"2020-09-02T01:50:52.000Z 2020-09-02T01:50:52.000Z","24.96657 ","121.212126667 ","rav4_2013",0.88,"0",0,0.8,0.89,0.18,0.15,""
"",1599011452.7565186,"2020-09-02T01:50:52.000Z 2020-09-02T01:50:52.000Z","24.96657 ","121.212126667 ","rav4_2013",0.87,"0",0,0.81,0.9,0.19,0.15,""
"",1599011453.1520772,"2020-09-02T01:50:53.000Z 2020-09-02T01:50:53.000Z","24.966478 ","121.211993667 ","rav4_2013",0.85,"0",0,0.82,0.89,0.2,0.16,""
"",1599011454.1497352,"2020-09-02T01:50:54.000Z 2020-09-02T01:50:54.000Z","24.966385167 ","121.211858 ","rav4_2013",0.81,"0",0,0.85,0.89,0.23,0.18,""
"",1599011639.5878892,"2020-09-02T01:53:59.000Z 2020-09-02T01:53:59.000Z","24.957305333 ","121.1949995 ","rav4_2013",0.82,"0",0,0.31,0.89,0.24,0.21,""
"",1599011657.3445778,"2020-09-02T01:54:17.000Z 2020-09-02T01:54:17.000Z","24.957308167 ","121.194779333 ","rav4_2013",0.87,"0",0,0.26,0.89,0.26,0.21,""
"",1599011657.7382677,"2020-09-02T01:54:17.000Z 2020-09-02T01:54:17.000Z","24.957308167 ","121.194779333 ","rav4_2013",0.87,"0",0,0.3,0.89,0.22,0.19,""
"",1599011658.537928,"2020-09-02T01:54:18.000Z 2020-09-02T01:54:18.000Z","24.9573145 ","121.1947515 ","rav4_2013",0.81,"0",0,0.36,0.89,0.17,0.16,""
"",1599011674.7868328,"2020-09-02T01:54:34.000Z 2020-09-02T01:54:34.000Z","24.957782667 ","121.1937125 ","rav4_2013","altis_2014",0.85,0.91,"0","0",0,0,0.89,0.32,0.88,0.91,0.22,0.16,0.18,0.14,"",""
"",1599012244.4879138,"2020-09-02T02:04:04.000Z 2020-09-02T02:04:04.000Z","24.966982667 ","121.191204 ","rav4_2013",0.83,"0",0,0.5,0.74,0.46,0.47,""
